school_name,voluntary_contributions_2015,subject_contributions_2015
Abbotsford Public School                                                                            ,"$50,007",$15
Aberdeen Public School                                                                              ,"$2,189",$289
Abermain Public School                                                                              ,$0,$0
Adaminaby Public School                                                                             ,$0,$0
Adamstown Public School                                                                             ,"$4,670",$0
Adelong Public School      ,$0,$0
Afterlee Public School     ,$0,$0
Airds High School,$0,"$11,217"
Ajuga School ,$450,$0
Albert Park Public School,$120,$0
Albion Park High School,"$11,548","$40,013"
Albion Park Public School ,"$3,835",$0
Albion Park Rail Public School,$785,$0
Albury High School    ,"$29,958","$44,627"
Albury North Public School ,"$1,440",$0
Albury Public School,"$12,437",$0
Albury West Public School  ,$0,$0
Aldavilla Public School  ,"$2,575","$1,765"
Alexandria Park Community School  ,"$11,046","$8,155"
Alfords Point Public School     ,"$4,716",$0
Allambie Heights Public School   ,"$17,105",$0
Alma Public School ,$0,$0
Alstonville High School    ,"$50,580","$39,667"
Alstonville Public School  ,"$8,700","$12,450"
Ambarvale High School     ,"$12,334","$23,814"
Ambarvale Public School,$0,$0
Anna Bay Public School ,"$4,190",$25
Annandale North Public School ,"$53,294","$107,672"
Annandale Public School,"$22,170","$21,408"
Annangrove Public School ,"$2,920",$0
Anson Street School ,$0,$0
Appin Public School  ,"$5,146",$0
Arcadia Public School,"$3,815","$5,128"
Arcadia Vale Public School,"$1,448",$0
Ardlethan Central School,$788,$995
Argenton Public School,$0,$0
Ariah Park Central School,"$2,535","$10,841"
Armidale City Public School,"$10,450",$0
Armidale High School,"$16,018","$36,759"
Arncliffe Public School,"$13,413",$0
Arncliffe West Infants School,"$1,440",$0
Arndell School,$0,$0
Arranounbai School,"$2,075","$7,351"
Artarmon Public School,$60,$194
Arthur Phillip High School,$0,"$92,587"
Ashbury Public School,"$12,042","$12,950"
Ashcroft High School,"$4,495","$13,162"
Ashcroft Public School,$0,$0
Ashfield Boys High School,"$15,647","$88,666"
Ashfield Public School,"$10,453","$6,570"
Ashford Central School,"$2,421","$4,274"
Ashmont Public School,$0,$0
Ashtonfield Public School,"$42,161",$0
Asquith Boys High School,"$43,262","$72,609"
Asquith Girls High School,"$60,485","$173,312"
Asquith Public School,"$15,973",$0
Athelstane Public School,"$7,185",$0
Attunga Public School,$0,$0
Auburn Girls High School,"$15,285","$18,546"
Auburn North Public School,"$9,338",$0
Auburn Public School,$0,$0
Auburn West Public School,"$5,754",$773
Aurora College,$0,$0
Austinmer Public School,"$11,932",$0
Austral Public School,"$3,310",$0
Australia Street Infants School,"$52,473","$24,725"
Avalon Public School ,"$60,771","$80,317"
Avoca Beach Public School ,"$12,691",$0
Avoca Public School ,$520,$0
Awaba Public School ,$200,$0
Badgerys Creek Public School ,$0,$0
Balarang Public School ,"$2,810","$11,355"
Bald Blair Public School ,"$1,900",$0
Bald Face Public School ,$0,"$31,386"
Balgowlah Heights Public School ,$0,"$203,294"
Balgowlah North Public School ,"$35,880","$57,992"
Balgownie Public School ,"$9,115",$0
Ballimore Public School ,$510,$0
Ballina High School ,"$10,183","$22,078"
Ballina Public School ,$470,$0
Balmain Public School ,$0,$0
Balranald Central School ,"$3,464","$2,465"
Bangalow Public School ,"$8,512",$0
Bangor Public School ,"$7,931",$0
Banks Public School ,$125,$0
Banksia Road Public School ,"$3,280",$0
Banksmeadow Public School ,"$3,495","$15,085"
Bankstown Girls High School ,"$24,265","$21,326"
Bankstown Hospital School ,$0,$0
Bankstown North Public School ,"$8,275",$0
Bankstown Public School ,"$5,565",$0
Bankstown Senior College ,"$30,234","$14,478"
Bankstown South Infants School ,"$3,444",$0
Bankstown West Public School ,"$8,655","$1,026"
Banora Point High School ,"$13,562","$19,303"
Banora Point Public School ,"$15,171",$0
Baradine Central School ,$977,"$2,130"
Bardwell Park Infants School ,"$2,000",$0
Barellan Central School ,$760,$0
Bargo Public School ,"$6,875",$0
Barham High School ,"$8,561","$13,285"
Barham Public School ,"$3,498",$0
Barkers Vale Public School ,$0,$0
Barmedman Public School ,$0,$0
Barnier Public School ,"$26,536",$0
Barnsley Public School ,"$4,320",$0
Barooga Public School ,$0,$0
Barraba Central School ,$630,"$2,250"
Barrack Heights Public School ,$785,$0
Barrenjoey High School ,"$24,690","$204,044"
Barrington Public School ,"$2,355",$0
Barwon Learning Centre ,$0,$0
Baryulgil Public School ,$0,$0
Bass High School ,"$4,375","$30,474"
Bass Hill Public School ,"$1,420","$1,750"
Bateau Bay Public School ,$0,$0
Batemans Bay High School ,"$11,097","$14,972"
Batemans Bay Public School ,"$1,369",$0
Bates Drive School ,"$6,118",$0
Bathurst Public School ,"$9,405","$9,788"
Bathurst South Public School ,$0,$0
Bathurst West Public School ,"$2,232",$0
Batlow Technology School ,"$1,920","$1,980"
Baulkham Hills High School ,"$310,317","$129,376"
Baulkham Hills North Public School ,"$84,165","$7,981"
Beacon Hill Public School ,"$49,662",$0
Beaumont Hills Public School ,"$38,977",$0
Beaumont Road Public School ,$0,$0
Beauty Point Public School ,"$48,573",$0
Beckom Public School ,$0,$0
Bedgerebong Public School ,$0,$0
Beechwood Public School ,"$2,330",$0
Beecroft Public School ,"$25,177","$86,406"
Beelbangera Public School ,"$1,775",$0
Bega High School ,"$27,344","$47,143"
Bega Valley Public School ,"$1,940",$0
Belair Public School ,"$10,266",$0
Bellambi Public School ,$0,$0
Bellata Public School ,$0,$0
Bellbird Public School ,"$1,010",$0
Bellbrook Public School ,$0,$0
Bellevue Hill Public School ,$0,"$171,143"
Bellingen High School ,"$8,034","$45,502"
Bellingen Public School ,"$9,556",$0
Belltrees Public School ,$240,$0
Belmont High School ,"$23,224","$69,390"
Belmont North Public School ,"$2,789",$0
Belmont Public School ,$0,$0
Belmore Boys High School ,"$4,458","$8,958"
Belmore North Public School ,"$11,179",$0
Belmore South Public School ,$0,"$15,130"
Belrose Public School ,"$4,336","$14,832"
Bemboka Public School ,$0,$0
Ben Lomond Public School ,$405,$0
Ben Venue Public School ,"$9,857",$0
Bendemeer Public School ,$460,$0
Bennett Road Public School ,"$2,409",$0
Berala Public School ,$0,$0
Beresfield Public School ,$0,"$5,436"
Beresford Road Public School ,"$7,202",$0
Berinba Public School ,$0,$0
Berkeley Public School ,$0,$0
Berkeley Vale Public School ,$0,"$52,395"
Berkeley West Public School ,$0,$0
Bermagui Public School ,"$1,850",$0
Berowra Public School ,"$26,528",$0
Berridale Public School ,$0,$0
Berrigan Public School ,"$1,195",$415
Berrima Public School ,"$3,566",$0
Berry Public School ,"$8,296",$318
Bert Oldfield Public School ,"$11,015",$45
Beverley Park School ,"$1,526","$4,438"
Beverly Hills Girls High School ,"$43,705","$87,610"
Beverly Hills Intensive English Centre ,"$2,840",$0
Beverly Hills North Public School ,"$11,246",$0
Beverly Hills Public School ,"$10,288",$0
Bexhill Public School ,"$5,809",$0
Bexley North Public School ,"$21,529","$22,436"
Bexley Public School ,"$3,995",$0
Bibbenluke Public School ,$0,$0
Biddabah Public School ,"$8,591",$0
Bidwill Public School ,$0,$0
Bigga Public School ,$0,$0
Bilambil Public School ,"$6,368","$11,480"
Bilgola Plateau Public School ,"$26,261","$27,164"
Billabong High School ,"$11,976","$23,392"
Bilpin Public School ,"$1,680",$0
Binalong Public School ,"$6,337",$0
Binda Public School ,$0,$0
Bingara Central School ,$0,"$2,140"
Binnaway Central School ,$220,"$1,699"
Binya Public School ,$540,$0
Biraban Public School ,"$1,055",$0
Birchgrove Public School ,"$10,775","$19,100"
Birrong Boys High School ,"$3,983","$8,809"
Birrong Girls High School ,"$38,360","$50,559"
Birrong Public School ,$0,$0
Black Hill Public School ,"$2,402",$0
Black Mountain Public School ,$0,$865
Black Springs Public School ,$255,$0
Blackalls Park Public School ,"$8,300",$0
Blackett Public School ,$0,$0
Blackheath Public School ,"$8,590",$0
Blacksmiths Public School ,"$2,270",$0
Blacktown Boys High School ,"$18,745","$23,882"
Blacktown Girls High School ,"$19,773","$52,946"
Blacktown North Public School ,"$10,710",$0
Blacktown South Public School ,"$18,675",$0
Blacktown West Public School ,"$15,119",$0
Blackville Public School ,$0,$0
Blackwell Public School ,$0,"$1,950"
Blairmount Public School ,$0,$0
Blakebrook Public School ,"$1,287","$1,201"
Blakehurst High School ,"$46,963","$85,336"
Blakehurst Public School ,"$2,855","$41,523"
Blandford Public School ,$0,$0
Blaxcell Street Public School ,"$3,011","$3,339"
Blaxland East Public School ,"$10,780",$0
Blaxland High School ,"$64,648","$125,915"
Blaxland Public School ,"$4,143",$0
Blayney High School ,"$11,408","$34,792"
Blayney Public School ,"$4,200",$0
Bletchington Public School ,"$14,311","$20,560"
Bligh Park Public School ,"$2,109",$0
Blighty Public School ,$0,$0
Blue Haven Public School ,$0,$0
Boambee Public School ,$0,$0
Bobin Public School ,$0,$0
Bobs Farm Public School ,"$1,112","$1,579"
Bodalla Public School ,$0,$0
Bogan Gate Public School ,$0,$0
Bogangar Public School ,"$6,175",$0
Boggabilla Central School ,"$4,450","$3,744"
Boggabri Public School ,"$1,580",$0
Bolwarra Public School ,"$13,486",$0
Bomaderry High School ,"$17,257","$49,362"
Bomaderry Public School ,"$1,757",$54
Bombala High School ,"$3,502","$4,215"
Bombala Public School ,$0,$0
Bonalbo Central School ,"$1,060","$3,808"
Bondi Beach Public School ,"$10,630",$0
Bondi Public School ,"$17,771","$161,346"
Bongongo Public School ,$0,$0
Bonnells Bay Public School ,"$3,625",$0
Bonnet Bay Public School ,"$10,062",$0
Bonnyrigg Heights Public School ,"$22,285",$0
Bonnyrigg High School ,"$29,827","$105,304"
Bonnyrigg Public School ,$0,$0
Bonshaw Public School ,$0,"$2,900"
Bonville Public School ,"$1,603",$0
Boolaroo Public School ,$0,$0
Booligal Public School ,$0,$0
Boomi Public School ,"$1,350",$0
Booragul Public School ,$0,$0
Booral Public School ,$760,$0
Boorowa Central School ,"$4,590","$13,415"
Boree Creek Public School ,$0,$0
Borenore Public School ,"$2,811",$0
Boronia Park Public School ,"$17,228","$67,648"
Bossley Park High School ,"$110,790","$213,708"
Bossley Park Public School ,"$8,020",$0
Botany Bay Environmental Education Centre ,$0,$0
Botany Public School ,"$8,094",$0
Bourke High School ,"$6,318",$0
Bourke Public School ,$0,$0
Bourke Street Public School ,"$41,150",$0
Bourke-Walgett School of Distance Education - Bourke Campus ,$440,$0
Bournda Environmental Education Centre ,"$29,274",$0
Bowen Public School ,$210,$0
Bowning Public School ,$0,$0
Bowral High School ,"$40,368","$61,162"
Bowral Public School ,$0,$0
Bowraville Central School ,"$5,365","$3,358"
Bradbury Public School ,$598,$0
Braddock Public School ,"$1,050",$0
Bradfordville Public School ,$0,"$1,975"
Braidwood Central School ,"$9,538","$4,230"
Branxton Public School ,"$5,748",$0
Breadalbane Public School ,$0,$0
Bredbo Public School ,$0,$0
Brewarrina Central School ,"$4,290",$336
Brewongle Environmental Education Centre ,$0,$0
Briar Road Public School ,$882,$0
Bribbaree Public School ,$0,$0
Bridge Road School ,$35,$0
Brighton-Le-Sands Public School ,"$13,617","$28,040"
Bringelly Public School ,"$2,260",$0
Brisbane Water Secondary College Umina Campus ,"$26,096","$61,902"
Brisbane Water Secondary College Woy Woy Campus ,"$21,343","$33,778"
Brisbania Public School ,"$6,423",$0
Broadwater Public School ,$340,$0
Brocklesby Public School ,$360,$0
Broderick Gillawarna School ,"$1,925",$0
Broke Public School ,$820,$0
Broken Hill High School ,"$17,040","$22,990"
Broken Hill North Public School ,$0,$0
Broken Hill Public School ,"$1,860",$0
Bronte Public School ,"$39,746","$38,064"
Brooke Avenue Public School ,"$1,632",$0
Brooklyn Public School ,"$6,685",$0
Brookvale Public School ,"$10,861",$0
Broulee Public School ,"$9,891",$0
Brungle Public School ,$0,$0
Brunswick Heads Public School ,"$1,995",$0
Budawang School ,$0,$0
Budgewoi Public School ,"$5,696",$0
Bulahdelah Central School ,"$5,468","$25,101"
Bullarah Public School ,$0,$0
Bulli High School ,"$66,362","$63,004"
Bulli Public School ,$0,$0
Bullimbal School ,$0,$190
Bundanoon Public School ,"$3,648",$0
Bundarra Central School ,"$1,505","$1,411"
Bundeena Public School ,"$15,406",$0
Bungendore Public School ,"$8,530",$0
Bungwahl Public School ,$0,"$1,173"
Buninyong Public School ,$877,"$2,266"
Bunnaloo Public School ,$0,$0
Burke Ward Public School ,"$2,990",$0
Burnside Public School ,"$8,140",$0
Buronga Public School ,$0,$0
Burraga Public School ,$0,$0
Burraneer Bay Public School ,"$20,830","$37,160"
Burrawang Public School ,$482,$0
Burren Junction Public School ,"$4,730",$0
Burringbar Public School ,"$1,605",$0
Burrumbuttock Public School ,"$1,440",$0
Burwood Girls High School ,"$63,111","$101,060"
Burwood Public School ,"$26,278","$53,646"
Busby Public School ,$110,$0
Busby West Public School ,"$3,505",$0
Buxton Public School ,"$1,336",$0
Bylong Upper Public School ,$0,$0
Byron Bay High School ,"$42,426","$91,076"
Byron Bay Public School ,"$54,585",$0
Cabbage Tree Island Public School ,$55,$0
Cabramatta High School ,"$69,600","$55,938"
Cabramatta Public School ,$0,$0
Cabramatta West Public School ,"$4,558",$0
Cabramurra Public School ,$0,$0
Caddies Creek Public School ,"$20,761",$0
Cairnsfoot School ,"$3,560","$1,139"
Calare Public School ,$0,$52
Caldera School ,$0,$0
Callaghan College Jesmond Campus ,"$175,896","$10,680"
Callaghan College Wallsend Campus ,"$30,788","$73,899"
Callaghan College Waratah Technology Campus ,"$18,609","$23,371"
Callala Public School ,"$2,856",$0
Cambewarra Public School ,"$7,770",$0
Cambridge Gardens Public School ,"$5,617",$0
Cambridge Park High School ,"$3,506","$29,249"
Cambridge Park Public School ,"$2,827","$1,650"
Camden Haven High School ,"$41,405","$81,992"
Camden High School ,"$30,580","$87,988"
Camden Park Environmental Education Centre ,$0,$0
Camden Public School ,"$5,893",$0
Camden South Public School ,"$10,945",$0
Camdenville Public School ,"$9,030",$0
Cammeray Public School ,$0,"$8,851"
Cammeraygal High School ,$300,"$35,528"
Campbell House School ,$0,"$2,285"
Campbellfield Public School ,$0,$0
Campbelltown East Public School ,$0,$0
Campbelltown North Public School ,"$2,368","$1,870"
Campbelltown Performing Arts High School ,"$21,227","$98,369"
Campbelltown Public School ,$330,$0
Campsie Public School ,"$69,143",$0
Candelo Public School ,$914,$408
Caniaba Public School ,"$1,065",$0
Canley Heights Public School ,"$4,375",$0
Canley Vale High School ,"$107,130","$84,006"
Canley Vale Public School ,$0,$0
Canobolas Public School ,$0,$0
Canobolas Rural Technology High School ,$50,"$36,345"
Canowindra High School ,"$12,054","$12,034"
Canowindra Public School ,"$4,615",$0
Canterbury Boys High School ,$0,"$28,382"
Canterbury Girls High School ,"$30,652","$58,805"
Canterbury Public School ,"$5,683",$360
Canterbury South Public School ,"$7,800",$0
Canterbury Vale School ,$320,$0
Capertee Public School ,$0,$0
Captains Flat Public School ,$700,$0
Caragabal Public School ,$0,$0
Carcoar Public School ,$0,$0
Cardiff High School ,"$17,130","$63,738"
Cardiff North Public School ,"$3,853","$1,840"
Cardiff Public School ,"$4,695",$0
Cardiff South Public School ,"$13,614",$0
Carenne School ,"$3,592",$0
Cargo Public School ,$530,$0
Carinda Public School ,$0,$0
Caringbah High School ,"$88,436","$109,634"
Caringbah North Public School ,"$19,792",$0
Caringbah Public School ,"$24,639",$0
Carinya School ,$0,$0
Carlingford High School ,"$241,923","$160,788"
Carlingford Public School ,$0,"$20,565"
Carlingford West Public School ,$0,$0
Carlton Public School ,"$57,677","$31,943"
Carlton South Public School ,"$22,599",$0
Caroline Chisholm School ,$0,"$3,586"
Carool Public School ,$385,$126
Carramar Public School ,"$1,350",$0
Carrathool Public School ,$240,$0
Carrington Public School ,"$1,905",$0
Carroll Public School ,$0,$0
Cartwright Public School ,$0,$0
Cascade Environmental Education Centre ,$0,$0
Casino High School ,"$13,355","$34,527"
Casino Public School ,"$5,486",$0
Casino West Public School ,$982,$0
Cassilis Public School ,$30,$0
Castle Cove Public School ,"$16,251","$7,497"
Castle Hill High School ,"$44,637","$275,472"
Castle Hill Public School ,$0,$0
Castlereagh Public School ,"$2,244",$0
Casuarina School ,$0,$0
Casula High School ,"$10,734","$29,404"
Casula Public School ,"$6,939","$1,252"
Cattai Public School ,"$3,080","$1,581"
Caves Beach Public School ,$0,$0
Cawdor Public School ,"$1,956",$0
Cecil Hills High School ,"$55,776","$166,018"
Cecil Hills Public School ,"$18,925",$0
Centaur Public School ,"$2,568",$0
Centennial Park School ,$0,$0
Central Mangrove Public School ,"$3,003",$0
Central Tilba Public School ,"$1,200",$0
Cessnock East Public School ,$0,$0
Cessnock High School ,"$1,530","$23,199"
Cessnock Public School ,"$3,252",$0
Cessnock West Public School ,"$5,125",$0
Chalmers Road School ,"$2,388","$3,234"
Chandler Public School ,$0,$0
Charlestown East Public School ,"$4,237","$4,733"
Charlestown Public School ,"$1,615",$0
Charlestown South Public School ,"$3,904","$5,240"
Chatham High School ,"$11,829","$32,183"
Chatham Public School ,$460,$0
Chatswood High School ,"$259,056","$87,821"
Chatswood Intensive English Centre ,"$31,858",$0
Chatswood Public School ,$0,"$160,747"
Chatsworth Island Public School ,$0,$0
Cheltenham Girls High School ,"$137,196","$197,029"
Cherrybrook Public School ,"$63,158",$0
Cherrybrook Technology High School ,"$297,979","$128,371"
Chertsey Primary School ,$0,$0
Chester Hill High School ,"$32,153","$92,421"
Chester Hill Intensive English Centre ,$0,$0
Chester Hill North Public School ,$0,$0
Chester Hill Public School ,"$4,922",$0
Chifley College Bidwill Campus ,$0,"$21,322"
Chifley College Dunheved Campus ,"$2,475","$14,504"
Chifley College Mount Druitt Campus ,$0,"$28,768"
Chifley College Senior Campus ,"$31,592","$38,336"
Chifley College Shalvey Campus ,"$3,742","$9,361"
Chifley Public School ,"$3,775",$0
Chillingham Public School ,$0,$0
Chipping Norton Public School ,"$15,235",$0
Chittaway Bay Public School ,"$21,245",$0
Chullora Public School ,"$1,468","$5,477"
Clairgate Public School ,"$4,969",$0
Clare Public School ,$0,$0
Claremont Meadows Public School ,"$7,367",$0
Clarence Town Public School ,"$1,576",$0
Clarke Road School ,"$3,450","$13,699"
Claymore Public School ,$160,$0
Clemton Park Public School ,"$19,663","$2,580"
Clergate Public School ,"$2,030",$0
Cleveland Street Intensive English High School ,$0,$0
Clovelly Public School ,"$63,370","$41,948"
Clunes Public School ,"$1,917",$0
Coal Point Public School ,"$10,207",$0
Cobar High School ,"$4,808","$17,376"
Cobar Public School ,"$1,015",$0
Cobargo Public School ,$535,$0
Cobbitty Public School ,"$5,438",$0
Coffee Camp Public School ,"$1,610",$0
Coffs Harbour High School ,"$17,786","$58,195"
Coffs Harbour Learning Centre ,$0,$83
Coffs Harbour Public School ,"$1,275",$0
Coffs Harbour Senior College ,"$20,278","$17,170"
Coleambally Central School ,"$4,598","$4,655"
Coledale Public School ,"$2,696",$0
Collarenebri Central School ,$0,$0
Collaroy Plateau Public School ,"$103,186",$0
Collector Public School ,$0,$620
Collingullie Public School ,$0,$0
Collins Creek Public School ,"$1,392",$0
Colo Heights Public School ,$0,"$3,094"
Colo High School ,"$31,215","$104,362"
Colo Vale Public School ,"$3,588",$0
Colyton High School ,"$12,045","$44,320"
Colyton Public School ,"$1,947",$0
Comboyne Public School ,$380,$0
Comleroy Road Public School ,$90,$0
Como Public School ,"$3,474",$0
Como West Public School ,"$14,486",$0
Conargo Public School ,$0,$0
Concord High School ,"$93,581","$74,200"
Concord Public School ,"$13,780",$0
Concord West Public School ,"$11,475","$35,493"
Condell Park High School ,$563,"$84,510"
Condell Park Public School ,"$6,484","$30,203"
Condobolin High School ,"$3,427","$7,783"
Condobolin Public School ,"$2,505",$0
Condong Public School ,"$1,632",$0
Congewai Public School ,$80,$0
Coniston Public School ,$0,$0
Connells Point Public School ,"$20,120",$0
Conservatorium High School ,$0,"$15,825"
Cooerwull Public School ,"$4,394",$0
Coogee Public School ,"$17,115","$84,984"
Cook School ,$0,$334
Coolah Central School ,"$2,840","$9,339"
Coolamon Central School ,"$8,935","$5,193"
Coolongolook Public School ,$200,$0
Cooma North Public School ,"$1,963",$0
Cooma Public School ,"$3,956",$0
Coomealla High School ,"$8,544","$19,544"
Coonabarabran High School ,"$9,585","$6,662"
Coonabarabran Public School ,"$2,940",$0
Coonamble High School ,"$1,271","$3,350"
Coonamble Public School ,$20,$0
Coopernook Public School ,$120,$0
Coorabell Public School ,"$2,485","$7,383"
Cooranbong Public School ,"$1,544",$0
Cootamundra High School ,"$3,495","$5,126"
Cootamundra Public School ,$0,$0
Copacabana Public School ,"$5,822","$4,045"
Copmanhurst Public School ,$680,$0
Coraki Public School ,$215,$0
Coramba Public School ,$500,$0
Coreen School ,$0,$0
Corindi Public School ,"$1,408",$0
Corinella Public School ,$0,$0
Corndale Public School ,$55,$0
Corowa High School ,"$17,279","$17,062"
Corowa Public School ,"$4,354",$0
Corowa South Public School ,$625,$160
Corrimal East Public School ,"$4,195",$0
Corrimal High School ,"$7,437","$4,188"
Corrimal Public School ,"$2,010",$0
Coutts Crossing Public School ,"$1,287",$0
Cowan Public School ,"$1,379","$2,477"
Cowper Public School ,$0,$0
Cowra High School ,"$14,121","$30,148"
Cowra Public School ,"$3,942",$0
Crabbes Creek Public School ,$690,$589
Cranebrook High School ,"$11,046","$29,395"
Crawford Public School ,"$1,545",$0
Crescent Head Public School ,"$3,525",$0
Crestwood High School ,"$78,552","$163,484"
Crestwood Public School ,"$29,028",$0
Cringila Public School ,$0,$0
Cromehurst School ,$0,$0
Cromer Public School ,"$73,414","$50,947"
Cronulla High School ,"$53,125","$173,933"
Cronulla Public School ,"$10,018",$0
Cronulla South Public School ,$0,$0
Crookwell High School ,"$12,713","$13,323"
Crookwell Public School ,"$6,665",$0
Croppa Creek Public School ,$0,$247
Crossmaglen Public School ,$280,"$1,529"
Crown Street Public School ,"$18,413",$0
Croydon Park Public School ,"$14,133","$4,621"
Croydon Public School ,"$30,625","$17,489"
Crystal Creek Public School ,$0,$0
Cudal Public School ,$0,$0
Cudgegong Valley Public School ,"$7,625",$0
Cudgen Public School ,"$2,100","$3,413"
Culburra Public School ,"$1,127",$0
Culcairn Public School ,"$4,636",$0
Cullen Bullen Public School ,$0,$0
Cumberland High School ,"$42,908","$39,377"
Cumnock Public School ,$890,"$1,180"
Cundletown Public School ,"$1,385",$0
Curl Curl North Public School ,"$57,201","$130,981"
Curlewis Public School ,$0,$485
Currabubula Public School ,$170,$0
Curran Public School ,$0,$0
Currans Hill Public School ,"$7,183",$0
Daceyville Public School ,"$6,900",$0
Dalgety Public School ,$0,$0
Dalmeny Public School ,"$18,533","$8,341"
Dalton Public School ,$300,$0
Dapto High School ,"$30,526","$49,190"
Dapto Public School ,"$5,375",$0
Darcy Road Public School ,"$25,046",$0
Dareton Public School ,$0,$0
Darlinghurst Public School ,"$69,985",$0
Darlington Point Public School ,$820,$0
Darlington Public School ,"$6,704","$5,855"
Davidson High School ,"$50,020","$250,640"
Dawson Public School ,"$1,275",$0
Dee Why Public School ,"$19,053","$9,277"
Deepwater Public School ,$365,$0
Delegate Public School ,$470,$0
Delungra Public School ,$0,$0
Deniliquin High School ,"$26,679","$6,840"
Deniliquin North Public School ,"$4,438",$0
Deniliquin South Public School ,"$7,740",$0
Denison College of Secondary Education Bathurst High Campus ,"$23,927","$82,918"
Denison College of Secondary Education Kelso High Campus ,"$18,664","$26,862"
Denistone East Public School ,"$41,061",$0
Denman Public School ,"$3,485","$10,800"
Dobroyd Point Public School ,$0,"$13,285"
Doonside High School ,"$10,095","$27,797"
Doonside Public School ,$0,$0
Dora Creek Public School ,"$1,770",$0
Dorchester School ,$0,$0
Dorrigo High School ,"$4,181","$5,551"
Dorrigo Public School ,$0,$0
Dorroughby Environmental Education Centre ,$0,$0
Double Bay Public School ,$0,"$135,045"
Doubtful Creek Public School ,$0,$0
Douglas Park Public School ,"$1,405",$0
Drake Public School ,$180,$520
Drummond Memorial Public School ,$0,$0
Drummoyne Public School ,$0,"$96,613"
Dubbo College Delroy Campus ,"$14,805","$6,649"
Dubbo College Senior Campus ,"$11,085","$13,388"
Dubbo College South Campus ,$0,"$31,823"
Dubbo North Public School ,$0,$0
Dubbo Public School ,"$7,084",$0
Dubbo School of Distance Education ,"$60,033","$26,438"
Dubbo South Public School ,"$4,010",$0
Dubbo West Public School ,$60,$0
Dudley Public School ,$0,$0
Dulwich High School of Visual Arts and Design ,"$36,406","$144,718"
Dulwich Hill Public School ,$0,"$28,094"
Dundas Public School ,"$8,770",$0
Dundurrabin Public School ,$0,$470
Dunedoo Central School ,"$4,539","$8,811"
Dungay Public School ,$0,$0
Dungog High School ,"$29,397","$53,659"
Dungog Public School ,"$3,242","$8,180"
Dungowan Public School ,$0,$0
Dunoon Public School ,"$1,280",$0
Dural Public School ,"$49,401","$5,697"
Duranbah Public School ,$510,$950
Duri Public School ,"$1,730",$0
Durrumbul Public School ,$63,$0
Duval High School ,"$27,432","$19,249"
E A Southee Public School ,$0,$0
Eagle Vale High School ,"$10,903","$22,323"
Earlwood Public School ,"$24,537","$3,410"
East Hills Boys High School ,"$75,354","$56,753"
East Hills Girls Technology High School ,"$54,915","$93,557"
East Hills Public School ,"$7,544",$0
Eastern Creek Public School ,"$4,921","$4,052"
Eastlakes Public School ,$0,"$15,888"
Eastwood Heights Public School ,"$55,274",$0
Eastwood Public School ,$0,$0
Ebenezer Public School ,"$3,512","$1,918"
Ebor Public School ,$0,$0
Eden Marine High School ,"$11,987","$36,299"
Eden Public School ,$0,$0
Edensor Park Public School ,"$6,460",$0
Edgeware School ,$156,$0
Edgeworth Heights Public School ,"$4,695",$0
Edgeworth Public School ,$30,$0
Edward Public School ,"$1,490",$0
Eglinton Public School ,"$9,530",$0
Elands Public School ,$0,$0
Elanora Heights Public School ,"$36,642","$36,759"
Elderslie High School ,"$38,855","$80,797"
Elderslie Public School ,"$6,302",$0
Eleebana Public School ,"$23,490",$0
Elermore Vale Public School ,"$24,797",$0
Elizabeth Macarthur High School ,"$56,537","$147,142"
Ellalong Public School ,"$2,391",$0
Ellerston Public School ,"$1,100",$0
Ellison Public School ,"$9,437","$2,835"
Eltham Public School ,"$1,196",$0
Emerton Public School ,$0,"$2,429"
Emmaville Central School ,"$1,791","$4,354"
Empire Bay Public School ,"$18,055",$0
Empire Vale Public School ,"$1,137",$0
Emu Heights Public School ,$0,$0
Emu Plains Public School ,"$2,762",$0
Endeavour Sports High School ,"$28,841","$67,164"
Enfield Public School ,"$9,144",$364
Engadine High School ,"$168,383","$144,731"
Engadine Public School ,"$11,795",$0
Engadine West Public School ,"$2,330",$0
Enngonia Public School ,$0,$0
Epping Boys High School ,"$328,460","$104,269"
Epping Heights Public School ,"$29,808","$42,197"
Epping North Public School ,"$53,408",$0
Epping Public School ,"$31,920","$38,568"
Epping West Public School ,"$106,179",$575
Eraring Public School ,$0,$0
Erina Heights Public School ,$60,$0
Erina High School ,"$24,072","$47,581"
Ermington Public School ,$0,"$14,185"
Ermington West Public School ,"$2,213",$0
Erskine Park High School ,"$40,786","$92,256"
Erskineville Public School ,"$30,315",$0
Eschol Park Public School ,"$4,068",$0
Ettalong Public School ,$0,$0
Euabalong West Public School ,$70,$0
Euchareena Public School ,$0,$340
Eugowra Public School ,$505,$0
Eumungerie Public School ,$65,$0
Eungai Public School ,$0,$0
Eureka Public School ,$890,$0
Eurongilly Public School ,$460,$0
Euston Public School ,"$1,740",$0
Evans High School ,"$9,678","$35,205"
Evans Intensive English Centre ,"$1,384",$213
Evans River Community School ,"$5,697","$31,077"
Excelsior Public School ,"$17,606",$0
Exeter Public School ,$0,$0
Fairfax Public School ,$160,$0
Fairfield Heights Public School ,"$12,460",$0
Fairfield High School ,"$29,636","$45,085"
Fairfield Public School ,"$3,197",$0
Fairfield West Public School ,"$6,310",$0
Fairvale High School ,"$89,082","$112,322"
Fairvale Public School ,"$2,703",$0
Fairy Meadow Public School ,$0,$0
Falls Creek Public School ,$595,$0
Farmborough Road Public School ,$0,$0
Farrer Memorial Agricultural High School ,"$163,548","$2,056"
Fassifern Public School ,"$2,222",$0
Faulconbridge Public School ,"$5,222","$8,447"
Fennell Bay Public School ,$0,$0
Fern Bay Public School ,$800,$0
Ferncourt Public School ,"$18,879",$0
Fernleigh Public School ,$950,$0
Field of Mars Environmental Education Centre ,$0,$0
Figtree Heights Public School ,$373,$0
Figtree High School ,"$40,171","$66,009"
Figtree Public School ,$600,$0
Fingal Head Public School ,$889,$0
Finley High School ,"$11,255","$24,229"
Finley Public School ,"$2,840",$0
Fisher Road School ,"$3,440",$181
Five Dock Public School ,"$21,409","$4,285"
Five Islands School ,$625,$389
Five Islands Secondary College ,"$7,974","$25,636"
Flinders Public School ,"$9,070",$0
Floraville Public School ,$0,$0
Forbes High School ,"$7,799","$8,270"
Forbes North Public School ,$0,"$12,337"
Forbes Public School ,"$6,155",$0
Forest Hill Public School ,"$3,724",$0
Forest Lodge Public School ,"$19,730","$35,351"
Forestville Public School ,"$53,362","$96,350"
Forster Public School ,"$8,825",$645
Fort Street High School ,"$217,882","$97,456"
Fort Street Public School ,"$5,140","$10,290"
Fowler Road School ,$0,$0
Francis Greenway High School ,"$4,047","$26,407"
Frank Partridge VC Public School ,"$1,596",$0
Franklin Public School ,$0,$0
Frederickton Public School ,$988,"$1,320"
Freemans Reach Public School ,"$4,685",$0
Frenchs Forest Public School ,"$11,765","$10,133"
G S Kidd Memorial School ,$0,$0
Gadara School ,$0,$702
Galston High School ,"$69,262","$129,449"
Galston Public School ,"$19,341",$0
Ganmain Public School ,"$1,409",$0
Garah Public School ,$0,$0
Garden Suburb Public School ,$810,$0
Gardeners Road Public School ,"$8,163",$0
George Anderson Walpole School ,$0,$0
George Bass School ,"$2,110",$0
Georges Hall Public School ,"$4,871",$0
Georges River College Hurstville Boys Campus ,$87,"$35,389"
Georges River College Oatley Senior Campus ,"$84,068","$145,236"
Georges River College Peakhurst Campus ,"$22,002","$111,195"
Georges River College Penshurst Girls Campus ,"$48,607","$138,274"
Georges River Environmental Education Centre ,$0,$0
Gerogery Public School ,$0,$0
Gerringong Public School ,$0,$0
Geurie Public School ,$450,$0
Gibberagong Environmental Education Centre ,"$95,805",$0
Gilgai Public School ,$0,$0
Gilgandra High School ,"$8,008","$10,248"
Gilgandra Public School ,"$1,505",$0
Gillieston Public School ,"$1,140",$0
Gillwinga Public School ,$970,$0
Girilambone Public School ,$0,$0
Girrakool School ,$0,$0
Girraween High School ,"$61,414","$28,035"
Girraween Public School ,$0,$0
Gladesville Public School ,"$11,610",$0
Gladstone Public School ,$0,$0
Glebe Public School ,$0,$0
Glen Alice Public School ,$0,$0
Glen Innes High School ,"$15,701","$4,455"
Glen Innes Public School ,"$5,204",$0
Glen Innes West Infants School ,"$2,694",$0
Glen William Public School ,$426,$0
Glenbrook Public School ,"$8,825",$0
Glendale East Public School ,"$3,999",$0
Glendale High School ,"$19,770","$42,511"
Glendenning Public School ,$0,$0
Glendore Public School ,$0,$0
Glenfield Park School ,$620,$0
Glenfield Public School ,$0,$161
Glenhaven Public School ,"$26,862",$0
Glenmore Park High School ,"$36,571","$77,217"
Glenmore Park Public School ,"$6,370",$0
Glenmore Road Public School ,"$25,756","$9,802"
Glenorie Public School ,"$10,748",$0
Glenquarry Public School ,$0,$0
Glenreagh Public School ,$0,"$1,395"
Glenroi Heights Public School,$0,$0
Glenroy Public School ,"$1,678",$0
Glenvale School ,"$2,180",$0
Glenwood High School ,"$72,260","$150,969"
Glenwood Public School ,"$2,493",$352
Glossodia Public School ,"$4,003",$0
Gloucester High School ,"$11,983","$20,706"
Gloucester Public School ,"$2,795",$0
Gol Gol Public School ,$0,$0
Goodooga Central School ,$0,$0
Goolgowi Public School ,"$2,344",$0
Goolma Public School ,$562,$0
Goolmangar Public School ,$400,$0
Gooloogong Public School ,$450,$0
Goonellabah Public School ,"$1,435",$0
Goonengerry Public School ,"$2,003",$180
Gordon East Public School ,$432,"$84,111"
Gordon West Public School ,"$27,429","$12,568"
Gorokan High School ,"$6,773","$69,710"
Gorokan Public School ,"$1,745",$0
Gosford East Public School ,"$7,652",$0
Gosford High School ,"$53,380","$230,680"
Gosford Public School ,"$8,005",$0
Goulburn East Public School ,"$2,504",$0
Goulburn High School ,"$5,485","$32,412"
Goulburn North Public School ,$0,$0
Goulburn Public School ,$0,$0
Goulburn South Public School ,$0,$0
Goulburn West Public School ,$0,"$10,487"
Governor Philip King Public School ,"$6,415","$8,625"
Grafton High School ,"$18,417","$37,622"
Grafton Public School ,"$3,122",$0
Grahamstown Public School ,"$1,518","$2,270"
Gralee School ,$0,$0
Granville Boys High School ,"$7,615","$13,220"
Granville East Public School ,"$1,803",$0
Granville Public School ,"$8,730","$2,514"
Granville South Creative and Performing Arts High School ,"$3,904","$9,401"
Granville South Public School ,"$2,280",$0
Gravesend Public School ,"$1,350",$0
Grays Point Public School ,"$31,951",$0
Great Lakes College Forster Campus ,"$18,175","$63,378"
Great Lakes College Senior Campus ,"$11,050","$20,625"
Great Lakes College Tuncurry Campus ,"$16,375","$69,790"
Green Hill Public School ,$0,$0
Green Square School ,$0,$0
Green Valley Public School ,"$2,625",$0
Greenacre Public School ,"$3,803",$0
Greenethorpe Public School ,$0,$0
Greenway Park Public School ,"$22,837",$0
Greenwell Point Public School ,$580,"$1,767"
Greenwich Public School ,"$15,173","$143,940"
Grenfell Public School ,"$3,000",$0
Gresford Public School ,"$1,364",$0
Greta Public School ,$0,$0
Greystanes High School ,"$66,027","$84,878"
Greystanes Public School ,"$25,151","$13,185"
Griffith East Public School ,"$5,980",$0
Griffith High School ,"$8,065","$12,482"
Griffith North Public School ,"$4,275",$0
Griffith Public School ,$718,$417
Grose View Public School ,"$3,885",$0
Guildford Public School ,"$1,110",$0
Guildford West Public School ,"$2,490",$0
Guise Public School ,$0,$0
Gulargambone Central School ,$0,$677
Gulgong High School ,"$5,161","$14,007"
Gulgong Public School ,"$2,802",$0
Gulmarrad Public School ,$70,$0
Gum Flat Public School ,"$1,375",$0
Gundagai High School ,"$4,925","$10,079"
Gundagai Public School ,"$2,918",$0
Gundagai South Public School ,$0,$0
Gundaroo Public School ,$0,$0
Gunnedah High School ,"$8,304","$15,069"
Gunnedah Public School ,$40,$0
Gunnedah South Public School ,"$9,800",$0
Gunning Public School ,"$1,190",$0
Guyra Central School ,"$5,220","$7,732"
Gwabegar Public School ,$0,$0
Gwandalan Public School ,$0,$0
Gwynneville Public School ,"$3,723",$0
Gymea Bay Public School ,"$44,118",$0
Gymea North Public School ,"$27,500",$0
Gymea Technology High School ,"$33,363","$49,828"
Haberfield Public School ,"$25,960",$0
Halinda School ,$290,$0
Hallidays Point Public School ,"$11,151",$0
Hambledon Public School ,"$12,190",$0
Hamilton North Public School ,"$1,725",$0
Hamilton Public School ,"$10,000","$4,940"
Hamilton South Public School ,"$15,278","$26,088"
Hammondville Public School ,"$8,333",$0
Hampden Park Public School ,"$2,130",$0
Hampton Public School ,$0,$0
Hannam Vale Public School ,$425,$750
Hannans Road Public School ,$0,$0
Hanwood Public School ,$0,"$3,970"
Harbord Public School ,"$51,527","$203,105"
Harcourt Public School ,"$27,451",$250
Hargraves Public School ,$0,$0
Harrington Park Public School ,$0,$0
Harrington Public School ,"$1,050",$0
Harrington Street Public School ,"$27,882",$0
Harwood Island Public School ,$0,$0
Hassall Grove Public School ,"$6,575",$0
Hastings Public School ,"$17,485",$0
Hastings Secondary College Port Macquarie Campus ,"$21,683","$54,274"
Hastings Secondary College Westport Campus ,"$8,193","$31,797"
Havenlee School ,$850,$0
Hawkesbury High School ,"$19,515","$47,237"
Hay Public School ,"$4,290","$3,588"
Hay War Memorial High School ,"$4,220","$14,706"
Hayes Park Public School ,$645,$0
Hazelbrook Public School ,"$4,970",$0
Heathcote East Public School ,"$4,675","$2,454"
Heathcote High School ,"$87,654","$97,368"
Heathcote Public School ,"$9,780",$0
Heaton Public School ,"$1,442",$0
Hebersham Public School ,$0,$0
Heckenberg Public School ,$0,$0
Helensburgh Public School ,"$8,098",$0
Henry Fulton Public School ,"$4,935",$0
Henry Kendall High School ,"$27,491","$48,134"
Henty Public School ,"$2,270",$0
Hermidale Public School ,$25,$0
Hernani Public School ,$0,$0
Herons Creek Public School ,$0,"$3,385"
Highlands School ,$766,$0
Hill End Public School ,$0,$0
Hill Top Public School ,$0,$0
Hillsborough Public School ,"$6,941",$0
Hillside Public School ,"$17,415",$0
Hillston Central School ,"$3,706","$1,355"
Hilltop Road Public School ,"$8,815",$0
Hillvue Public School ,$0,$0
Hinchinbrook Public School ,"$7,912",$0
Hinton Public School ,"$1,570",$0
Hobartville Public School ,"$8,845",$0
Holbrook Public School ,"$3,090",$0
Holgate Public School ,"$1,020",$0
Holman Place School ,$0,$0
Holmwood Public School ,"$1,646",$0
Holroyd High School ,"$17,721","$25,628"
Holroyd Intensive English Centre ,$0,$210
Holroyd School ,"$2,360","$5,308"
Holsworthy High School ,"$29,988","$56,229"
Holsworthy Public School ,$0,$0
Homebush Boys High School ,"$100,757","$120,303"
Homebush Public School ,"$31,687",$0
Homebush West Public School ,"$25,298",$0
HopeTown School ,"$1,608","$3,905"
Hornsby Girls High School ,"$123,283","$81,024"
Hornsby Heights Public School ,$0,"$81,762"
Hornsby North Public School ,"$40,778","$161,998"
Hornsby South Public School ,"$65,589",$0
Horsley Park Public School ,"$2,160",$0
Howlong Public School ,"$3,193",$0
Hoxton Park High School ,"$14,873","$23,627"
Hoxton Park Public School ,"$5,666","$9,819"
Hume Public School ,"$1,240","$1,134"
Humula Public School ,$124,$0
Hunter River Community School ,$475,$0
Hunter River High School ,"$6,776","$27,845"
Hunter School of Performing Arts ,"$219,189","$141,067"
Hunter Sports High School ,"$10,725","$36,494"
Hunters Hill High School ,"$54,419","$77,412"
Hunters Hill Public School ,$0,$0
Huntingdon Public School ,"$1,680",$0
Hurlstone Agricultural High School ,"$138,146","$43,906"
Hurstville Grove Infants School ,"$1,320",$0
Hurstville Public School ,"$39,381",$0
Hurstville South Public School ,"$16,444","$24,962"
Huskisson Public School ,"$1,497",$0
Ilford Public School ,"$1,045",$0
Illabo Public School ,$0,$0
Illaroo Road Public School ,$0,$0
Illawarra Environmental Education Centre ,$0,"$50,251"
Illawarra Hospital School ,$0,$0
Illawarra Sports High School ,"$13,005","$35,080"
Illawong Public School ,"$13,336",$0
Iluka Public School ,$0,$0
Induna School ,$0,$0
Ingleburn High School ,"$6,858","$25,590"
Ingleburn North Public School ,"$2,564",$0
Ingleburn Public School ,"$5,678",$0
Inverell High School ,"$24,008","$40,540"
Inverell Public School ,"$3,960",$0
Iona Public School ,$0,"$3,104"
Ironbark Ridge Public School ,"$21,220","$25,590"
Irrawang High School ,"$3,186","$36,524"
Irrawang Public School ,$148,$0
Islington Public School ,"$1,295",$0
Ivanhoe Central School ,$0,$0
J J Cahill Memorial High School ,"$24,820","$37,648"
Jamberoo Public School ,"$4,991",$0
James Busby High School ,"$7,812","$38,146"
James Cook Boys High School ,"$10,162","$30,797"
James Erskine Public School ,"$4,354",$0
James Fallon High School ,"$22,290","$36,365"
James Meehan High School ,"$1,600","$7,397"
James Ruse Agricultural High School ,"$333,177","$136,742"
Jamison High School ,"$32,269","$61,503"
Jamisontown Public School ,"$2,070",$0
Jannali East Public School ,"$8,217","$4,800"
Jannali Public School ,"$5,247",$0
Jasper Road Public School ,"$67,206",$240
Jennings Public School ,$320,$0
Jerangle Public School ,$0,$0
Jerilderie Public School ,"$1,370",$0
Jerrabomberra Public School ,"$24,565",$0
Jerrys Plains Public School ,$850,$0
Jesmond Public School ,$642,$0
Jewells Primary School ,"$12,127",$0
Jiggi Public School ,$0,"$3,840"
Jilliby Public School ,"$1,512",$0
Jindabyne Central School ,"$23,014","$64,048"
Jindera Public School ,$0,"$1,229"
John Brotchie Nursery School ,$0,$0
John Edmondson High School ,"$50,077","$101,361"
John Hunter Hospital School ,$0,$0
John Palmer Public School ,"$17,605","$19,410"
John Purchase Public School ,"$65,908","$67,504"
John Warby Public School ,$0,$0
Johns River Public School ,$120,$0
Jugiong Public School ,$0,$0
Junee High School ,"$4,677","$18,803"
Junee North Public School ,$0,$0
Junee Public School ,"$1,595",$0
Kahibah Public School ,"$9,626",$0
Kalinda School ,$0,"$3,681"
Kambora Public School ,$0,"$39,189"
Kanahooka High School ,"$18,940","$30,965"
Kandeer School ,$0,$0
Kandos High School ,"$4,106","$6,721"
Kandos Public School ,$825,"$2,250"
Kangaloon Public School ,$100,$0
Kangaroo Valley Public School ,"$2,715",$0
Kanwal Public School ,"$2,640",$0
Kapooka Public School ,$800,$0
Karabar High School ,"$7,859","$41,627"
Karabar High School Distance Education Centre ,"$14,342","$43,348"
Karangi Public School ,"$4,935",$203
Kareela Public School ,"$23,795","$15,610"
Kariong Mountains High School ,"$9,176","$28,170"
Kariong Public School ,"$7,176","$5,450"
Karningul School ,$0,$0
Karonga School ,"$1,890","$3,260"
Karuah Public School ,$565,$0
Katoomba High School ,"$19,249","$17,705"
Katoomba North Public School ,$970,$0
Katoomba Public School ,"$4,166",$0
Kearns Public School ,$0,$0
Kearsley Public School ,"$1,097",$0
Kegworth Public School ,"$14,693","$19,512"
Keira High School ,"$30,865","$43,189"
Keiraville Public School ,"$9,221",$0
Kellys Plains Public School ,$850,$0
Kellyville High School ,"$63,510","$165,312"
Kellyville Public School ,"$55,420",$0
Kellyville Ridge Public School ,"$29,240",$0
Kelso Public School ,$110,$0
Kemblawarra Public School ,$0,$0
Kemps Creek Public School ,"$2,722",$0
Kempsey East Public School ,"$3,164",$0
Kempsey High School ,$950,"$6,827"
Kempsey South Public School ,"$1,895",$0
Kempsey West Public School ,$800,$0
Kendall Public School ,$516,$0
Kensington Public School ,"$41,773",$0
Kent Road Public School ,"$18,388",$0
Kenthurst Public School ,"$13,055",$0
Kentlyn Public School ,$0,"$17,276"
Kentucky Public School ,$775,$0
Khancoban Public School ,"$1,137",$0
Kiama High School ,"$41,665","$94,676"
Kiama Public School ,$0,$0
Killara High School ,"$244,773","$203,857"
Killara Public School ,$0,"$79,754"
Killarney Heights High School ,"$132,937","$185,520"
Killarney Heights Public School ,$0,"$25,954"
Killarney Vale Public School ,$0,$0
Kinchela Public School ,$552,$440
Kincumber High School ,"$34,740","$46,462"
Kincumber Public School ,"$4,961","$4,430"
King Park Public School ,"$10,565",$0
King Street Public School ,"$7,124",$817
Kings Langley Public School ,$0,$0
Kingscliff High School ,"$54,245","$57,851"
Kingscliff Public School ,$0,"$42,568"
Kingsgrove High School ,"$45,466","$79,030"
Kingsgrove North High School ,"$39,911","$94,731"
Kingsgrove Public School ,"$9,550",$0
Kingstown Public School ,$0,$0
Kingswood High School ,"$13,858","$59,962"
Kingswood Park Public School ,$0,$0
Kingswood Public School ,"$4,610",$0
Kingswood South Public School ,$0,$0
Kirkton Public School ,"$1,174",$0
Kirrawee High School ,"$38,610","$260,968"
Kirrawee Public School ,$0,$0
Kitchener Public School ,$49,"$1,915"
Kogarah High School ,"$31,792","$42,796"
Kogarah Public School ,"$21,054",$0
Koonawarra Public School ,$0,$41
Koorawatha Public School ,$0,$0
Kooringal High School ,"$41,090","$64,814"
Kooringal Public School ,"$7,030",$0
Kootingal Public School ,"$2,330",$0
Kororo Public School ,"$16,725","$3,954"
Kotara High School ,"$79,711","$53,101"
Kotara School ,$0,$0
Kotara South Public School ,"$7,761",$0
Krambach Public School ,$0,$0
Kulnura Public School ,"$1,080",$0
Ku-ring-gai High School ,"$77,008","$138,290"
Kurmond Public School ,$0,$0
Kurnell Public School ,$0,$0
Kurrajong East Public School ,"$2,877",$0
Kurrajong North Public School ,$0,"$7,689"
Kurrajong Public School ,$0,$0
Kurrambee School ,$0,$0
Kurri Kurri High School ,"$10,483","$31,770"
Kurri Kurri Public School ,"$3,557",$0
Kyeemagh Infants School ,"$1,795",$0
Kyogle High School ,"$9,524","$25,390"
Kyogle Public School ,"$7,120",$0
La Perouse Public School ,$490,$0
Ladysmith Public School ,$596,$0
Laggan Public School ,$0,$615
Laguna Public School ,"$1,992",$0
Laguna Street Public School ,"$9,072",$0
Lake Albert Public School ,"$12,040",$0
Lake Cargelligo Central School ,"$3,507","$2,384"
Lake Cathie Public School ,"$3,022",$0
Lake Heights Public School ,$0,$0
Lake Illawarra High School ,"$4,800","$32,606"
Lake Illawarra South Public School ,$0,$0
Lake Macquarie High School ,"$3,371","$42,910"
Lake Munmorah High School ,"$6,727","$24,391"
Lake Munmorah Public School ,"$7,598","$2,985"
Lake Wyangan Public School ,"$1,295",$0
Lakelands Public School ,"$1,680",$0
Lakemba Public School ,"$1,790",$0
Lakeside School ,"$1,232","$5,250"
Lalor Park Public School ,$885,$0
Lambton High School ,"$74,500","$82,087"
Lambton Public School ,"$2,216",$390
Lane Cove Public School ,"$79,671","$34,415"
Lane Cove West Public School ,"$90,179","$36,803"
Lansdowne Public School ,$215,$0
Lansvale East Public School ,"$1,614",$0
Lansvale Public School ,$0,$0
Lapstone Public School ,"$18,849",$0
Largs Public School ,$0,"$6,249"
Larnook Public School ,$0,$0
Laurieton Public School ,"$3,270",$0
Lavington East Public School ,"$2,571",$0
Lavington Public School ,"$3,270",$0
Lawrence Hargrave School ,"$1,103",$0
Lawrence Public School ,$0,$0
Lawson Public School ,$0,$0
Leeton High School ,"$7,395","$8,106"
Leeton Public School ,"$16,025",$0
Leeville Public School ,$680,$0
Leichhardt Public School ,"$53,506","$52,958"
Lennox Head Public School ,"$9,907",$0
Leonay Public School ,"$4,677",$0
Leppington Public School ,"$1,407",$0
Les Powell School ,"$1,200","$6,600"
Lethbridge Park Public School ,$0,$0
Leumeah High School ,"$25,951","$52,775"
Leumeah Public School ,"$6,070",$0
Leura Public School ,"$1,256",$0
Lewisham Public School ,"$10,918","$4,262"
Lidcombe Public School ,"$8,695",$745
Lightning Ridge Central School ,$170,"$5,494"
Lilli Pilli Public School ,$0,$0
Lincoln School ,$0,$0
Lindfield East Public School ,"$62,181","$243,770"
Lindfield Public School ,"$5,226","$17,559"
Lindsay Park Public School ,"$6,247","$30,249"
Lisarow High School ,"$30,927","$55,825"
Lisarow Public School ,$0,"$11,359"
Lismore Heights Public School ,"$3,800",$0
Lismore Public School ,"$4,318",$0
Lismore South Public School ,"$1,852",$0
Lithgow High School ,"$24,433","$61,463"
Lithgow Public School ,"$3,665",$0
Liverpool Boys High School ,"$4,743","$23,985"
Liverpool Girls High School ,"$15,642","$34,957"
Liverpool Hospital School ,$0,$0
Liverpool Public School ,"$9,016",$0
Liverpool West Public School ,$0,$0
Llandilo Public School ,"$1,841",$0
Lochinvar Public School ,"$1,275",$0
Lockhart Central School ,"$1,140",$480
Loftus Public School ,"$9,620","$7,233"
Lomandra School ,$390,$150
Londonderry Public School ,"$3,860",$0
Long Flat Public School ,$0,"$1,120"
Longneck Lagoon Environmental Education Centre ,$0,$0
Lord Howe Island Central School ,"$1,050",$0
Louth Public School ,$0,$0
Lowanna Public School ,$0,$0
Lowesdale Public School ,$0,$0
Lucas Gardens School ,$765,$0
Lucas Heights Community School ,"$85,096","$73,022"
Luddenham Public School ,"$1,395",$0
Lue Public School ,$0,$0
Lugarno Public School ,"$15,655",$0
Lurnea High School ,"$2,975","$23,366"
Lurnea Public School ,"$6,206",$0
Lyndhurst Public School ,$310,$108
Lynwood Park Public School ,"$3,360",$0
Macarthur Girls High School ,"$54,337","$132,766"
Macdonald Valley Public School ,$0,$0
Macintyre High School ,"$9,340","$18,488"
Macksville High School ,"$8,892","$20,388"
Macksville Public School ,"$3,432",$0
Maclean High School ,"$45,401","$35,384"
Maclean Public School ,"$1,750",$0
Macquarie Fields High School ,"$80,100","$127,881"
Macquarie Fields Public School ,"$5,377",$0
Madang Avenue Public School ,$0,$0
Maimuru Public School ,$821,$0
Main Arm Upper Public School ,"$5,060","$1,205"
Mainsbridge School ,"$9,966",$0
Maitland East Public School ,"$9,676","$11,488"
Maitland Grossmann High School ,"$95,432","$124,998"
Maitland High School ,"$21,050","$55,432"
Maitland Public School ,"$2,365","$1,285"
Malabar Public School ,"$9,391","$33,519"
Mallawa Public School ,$0,$0
Mandurama Public School ,$200,$0
Manifold Public School ,"$1,016",$0
Manildra Public School ,"$19,818",$0
Manilla Central School ,"$6,315","$8,823"
Manly Vale Public School ,"$42,359","$50,142"
Manly Village Public School ,$0,$0
Manly West Public School ,"$13,881","$156,818"
Mannering Park Public School ,$0,$0
Manning Gardens Public School ,$0,$0
Maraylya Public School ,"$3,150",$0
Marayong Heights Public School ,"$2,210",$0
Marayong Public School ,$0,$0
Marayong South Public School ,"$13,981",$0
Marie Bashir Public School ,"$20,292",$0
Marks Point Public School ,$0,$0
Maroota Public School ,$0,$0
Maroubra Bay Public School ,"$9,350","$39,300"
Maroubra Junction Public School ,$0,"$57,530"
Marra Creek Public School ,$0,$0
Marrar Public School ,$0,$0
Marrickville High School ,"$11,724","$14,574"
Marrickville Intensive English Centre ,"$4,200","$4,200"
Marrickville Public School ,"$7,369",$0
Marrickville West Public School ,"$7,815","$15,127"
Marsden High School ,"$79,329","$33,399"
Marsden Intensive English Centre ,"$12,161",$0
Marsden Park Public School ,$850,$0
Marsden Road Public School ,"$2,990",$0
Martindale Public School ,$535,$0
Martins Creek Public School ,$0,$0
Martins Gully Public School ,$0,$0
Marton Public School ,"$5,251",$0
Marulan Public School ,$0,"$3,503"
Mary Brooksbank School ,"$1,240",$0
Maryland Public School ,"$7,283",$0
Mascot Public School ,"$8,165",$0
Mathoura Public School ,$0,$0
Matong Public School ,$750,$0
Matraville Public School ,"$3,420",$703
Matraville Soldiers Settlement Public School ,"$13,620","$8,102"
Matraville Sports High School ,"$3,687","$10,131"
Matthew Pearce Public School ,"$50,754","$46,848"
Mawarra Public School ,"$8,587",$0
Mayfield East Public School ,"$19,094",$0
Mayfield West Public School ,$0,$0
Mayrung Public School ,"$1,890",$0
McCallums Hill Public School ,"$7,279","$12,752"
Meadow Flat Public School ,"$2,564",$0
Meadowbank Public School ,"$8,535",$0
Medlow Public School ,$265,$0
Medowie Public School ,"$5,137",$310
Megalong Public School ,$0,$0
Melrose Park Public School ,$0,$0
Melville High School ,"$16,892","$31,696"
Menai High School ,"$62,227","$177,690"
Menai Public School ,"$3,490",$0
Mendooran Central School ,$845,$840
Menindee Central School ,$5,$0
Merewether Heights Public School ,"$12,275",$0
Merewether High School ,"$95,418","$192,276"
Merewether Public School ,$0,$0
Merimbula Public School ,"$5,913",$0
Merriwa Central School ,"$1,250","$4,564"
Merrylands East Public School ,$0,$0
Merrylands High School ,"$19,023","$26,211"
Merrylands Public School ,$110,$0
Metella Road Public School ,"$19,637",$0
Metford Public School ,$880,$0
Mian School ,$580,$0
Michelago Public School ,$440,$0
Middle Dural Public School ,$0,$0
Middle Harbour Public School ,"$113,801",$0
Middleton Grange Public School ,"$2,087",$0
Middleton Public School ,"$4,525",$0
Milbrodale Public School ,$100,$160
Milbrulong Public School ,$0,$0
Millbank Public School ,$23,$0
Miller High School ,"$21,952","$20,931"
Miller Public School ,$0,$0
Millers Forest Public School ,"$1,295",$0
Millfield Public School ,$971,$0
Millthorpe Public School ,"$18,519",$40
Milperra Public School ,"$6,600",$0
Milton Public School ,"$13,836",$0
Mimosa Public School ,"$39,331",$0
Minchinbury Public School ,"$7,074",$0
Minerva School ,$0,"$4,820"
Mingoola Public School ,$0,$0
Minmi Public School ,"$1,335",$0
Minnamurra Public School ,"$9,730","$4,755"
Minto Public School ,"$1,355",$0
Miranda North Public School ,"$11,124",$0
Miranda Public School ,"$9,640",$0
Mitchell High School ,"$71,134","$80,133"
Mitchells Island Public School ,$0,$28
Mittagong Public School ,"$6,814",$0
Moama Public School ,"$6,041",$0
Modanville Public School ,"$1,713",$0
Model Farms High School ,"$131,870","$125,082"
Mogo Public School ,$0,$0
Molong Central School ,"$15,281","$19,814"
Mona Vale Public School ,"$96,340",$0
Monaro High School ,"$10,800",$0
Monteagle Public School ,$0,$0
Moonbi Public School ,$0,$0
Moorebank High School ,"$63,067","$101,441"
Moorefield Girls High School ,"$13,939","$25,851"
Moorland Public School ,$0,$0
Moree East Public School ,$0,$0
Moree Public School ,"$1,594",$0
Moree Secondary College Albert St Campus ,"$1,921",$0
Moree Secondary College Carol Ave Campus ,"$7,506",$0
Morgan Street Public School ,"$6,670",$0
Morisset High School ,"$15,060","$46,068"
Morisset Public School ,$915,$0
Morpeth Public School ,"$5,767",$0
Mortdale Public School ,"$5,090",$0
Mortlake Public School ,"$14,611",$0
Moruya High School ,"$10,250","$9,425"
Moruya Public School ,"$6,053",$0
Mosman High School ,"$182,360","$117,100"
Mosman Public School ,$0,"$165,406"
Moss Vale High School ,"$29,747","$61,924"
Moss Vale Public School ,"$5,311",$0
Moulamein Public School ,$360,$0
Mount Annan High School ,"$14,109","$48,414"
Mount Annan Public School ,$0,$0
Mount Austin High School ,"$1,435","$12,707"
Mount Austin Public School ,$0,$985
Mount Brown Public School ,"$7,370",$0
Mount Colah Public School ,"$10,646","$13,403"
Mount Druitt Public School ,$135,$0
Mount George Public School ,$0,$0
Mount Hunter Public School ,$555,$0
Mount Hutton Public School ,$0,$0
Mount Kanwary Public School ,$456,$0
Mount Keira Public School ,"$3,103",$0
Mount Kembla Public School ,"$4,615",$6
Mount Kuring-gai Public School ,"$27,235",$0
Mount Lewis Infants School ,"$4,511",$0
Mount Ousley Public School ,"$1,485",$0
Mount Pleasant Public School ,"$1,040",$0
Mount Pritchard East Public School ,$770,$0
Mount Pritchard Public School ,"$8,656",$0
Mount Riverview Public School ,"$2,297",$0
Mount St Thomas Public School ,$400,$0
Mount Terry Public School ,$0,"$13,049"
Mount Victoria Public School ,"$1,936",$0
Mount View High School ,"$14,983","$77,315"
Mount Warrigal Public School ,$200,$0
Mowbray Public School ,"$22,577",$0
Mudgee High School ,"$37,936","$46,264"
Mudgee Public School ,$0,$0
Muirfield High School ,"$65,517","$87,973"
Mulbring Public School ,$340,$0
Mulgoa Public School ,"$2,440",$0
Mullaley Public School ,$0,$0
Mullaway Public School ,"$4,363","$2,408"
Mullengandra Public School ,$280,$575
Mullion Creek Public School ,$599,$390
Mullumbimby High School ,"$22,766","$39,134"
Mullumbimby Public School ,"$7,990",$0
Mulwala Public School ,"$1,873",$0
Mulwaree High School ,"$21,834","$42,421"
Mulyan Public School ,"$1,274",$0
Mumbil Public School ,$0,$0
Mummulgum Public School ,$0,$0
Mungindi Central School ,$0,$605
Murrami Public School ,$0,$0
Murray Farm Public School ,$0,$0
Murray High School ,"$11,962","$23,055"
Murringo Public School ,$0,$0
Murrumburrah High School ,"$4,370","$6,795"
Murrumburrah Public School ,$0,$0
Murrurundi Public School ,$610,$0
Murwillumbah East Public School ,"$5,226",$0
Murwillumbah High School ,"$20,315","$29,269"
Murwillumbah Public School ,"$3,080",$0
Murwillumbah South Infants School ,$600,$0
Muswellbrook High School ,"$21,973","$38,146"
Muswellbrook Public School ,$0,$0
Muswellbrook South Public School ,"$3,650",$0
Nabiac Public School ,"$2,839","$1,040"
Nambucca Heads High School ,"$6,867","$17,090"
Nambucca Heads Public School ,"$3,705",$0
Nana Glen Public School ,"$2,690",$475
Nangus Public School ,$0,$0
Naradhan Public School ,$400,$0
Narara Public School ,"$5,040",$0
Narara Valley High School ,"$28,016","$125,913"
Nareena Hills Public School ,"$4,149",$0
Narellan Public School ,"$4,144",$0
Narellan Vale Public School ,"$14,262",$0
Naremburn School ,$0,$425
Narooma High School ,"$14,913","$22,743"
Narooma Public School ,"$6,693",$0
Narrabeen Lakes Public School ,"$43,795",$0
Narrabeen North Public School ,"$20,153","$134,140"
Narrabeen Sports High School ,"$46,143","$77,596"
Narrabri High School ,"$20,430","$19,660"
Narrabri Public School ,"$5,280",$0
Narrabri West Public School ,"$5,781","$12,043"
Narrandera East Infants School ,"$3,381",$0
Narrandera High School ,"$5,110","$17,727"
Narrandera Public School ,$555,$0
Narranga Public School ,"$11,577",$0
Narraweena Public School ,"$18,457","$40,028"
Narromine High School ,"$8,301","$17,167"
Narromine Public School ,$0,$0
Narwee Public School ,"$2,350",$0
Nashdale Public School ,"$3,476","$2,243"
Nemingha Public School ,"$7,097",$0
Nepean Creative and Performing Arts High School ,"$37,821","$156,175"
Neutral Bay Public School ,"$181,070",$0
Neville Public School ,$450,$0
New Lambton Heights Infants School ,"$1,770","$3,000"
New Lambton Public School ,"$15,434",$0
New Lambton South Public School ,$0,"$8,700"
Newbridge Heights Public School ,"$31,660",$0
Newcastle East Public School ,"$8,275",$0
Newcastle High School ,"$33,615","$74,570"
Newcastle Junior School ,"$1,292",$143
Newcastle Middle School ,"$2,637",$0
Newcastle Senior School ,"$1,465",$0
Newington Public School ,"$25,655","$7,361"
Newling Public School ,$330,$0
Newport Public School ,"$30,375","$137,417"
Newrybar Public School ,"$1,231",$0
Newtown High School of Performing Arts ,"$175,194","$227,307"
Newtown North Public School ,"$20,580",$685
Newtown Public School ,"$14,559",$0
Niagara Park Public School ,$35,$0
Niangala Public School ,$140,$0
Nicholson Street Public School ,"$6,958","$9,526"
Niland School ,$0,$0
Nillo Infants School ,$780,$0
Nimbin Central School ,"$2,916","$4,490"
Nimmitabel Public School ,$0,$0
Nords Wharf Public School ,$0,$0
Normanhurst Boys High School ,"$148,903","$183,985"
Normanhurst Public School ,"$18,417",$0
Normanhurst West Public School ,"$33,579",$0
North East Public School of Distance Education - Port Macquarie Campus ,"$10,000",$0
North East School of Distance Education Casino Campus ,"$3,660",$0
North Gosford Learning Centre ,$450,$783
North Haven Public School ,"$13,919",$0
North Nowra Public School ,$955,$0
North Rocks Public School ,"$45,285",$0
North Ryde Public School ,$0,$0
North Star Public School ,$0,$0
North Sydney Boys High School ,"$184,808","$292,956"
North Sydney Girls High School ,"$181,990","$415,618"
North Sydney Public School ,"$48,980",$0
North Wagga Public School ,"$7,039","$5,180"
Northbridge Public School ,"$64,045","$56,926"
Northern Beaches Secondary College Balgowlah Boys Campus ,"$23,355","$162,767"
Northern Beaches Secondary College Cromer Campus ,"$63,865","$67,863"
Northern Beaches Secondary College Freshwater Senior Campus ,"$117,621","$147,357"
Northern Beaches Secondary College Mackellar Girls Campus ,"$144,974","$300,657"
Northern Beaches Secondary College Manly Campus ,"$435,371","$106,016"
Northern Border Senior Access Program ,$0,$0
Northlakes High School ,"$6,228","$81,721"
Northlakes Public School ,$335,$0
Northmead Creative and Performing Arts High School ,"$55,975","$137,674"
Northmead Public School ,"$24,993","$14,144"
Noumea Public School ,$150,$0
Nowendoc Public School ,$0,$0
Nowra East Public School ,$110,$0
Nowra High School ,"$42,687","$54,734"
Nowra Hill Public School ,"$2,413","$4,195"
Nowra Public School ,$0,$0
Nulkaba Public School ,$0,$0
Numeralla Public School ,$0,$315
Nundle Public School ,$0,$0
Nuwarra Public School ,"$7,581",$0
Nymboida Public School ,$380,$0
Nyngan High School ,"$2,600","$10,842"
Nyngan Public School ,$0,$0
Oak Flats High School ,"$11,453","$46,475"
Oak Flats Public School ,"$1,642",$0
Oakdale Public School ,"$1,144",$0
Oakhill Drive Public School ,"$79,031","$33,120"
Oaklands Central School ,"$1,425",$510
Oakville Public School ,"$12,340",$0
Oatlands Public School ,"$5,970","$4,557"
Oatley Public School ,"$23,356",$0
Oatley West Public School ,"$67,168",$0
Oberon High School ,"$7,830","$12,721"
Oberon Public School ,"$2,730",$535
Observatory Hill Environmental Education Centre ,$0,$780
Ocean Shores Public School ,"$3,999",$0
O'Connell Public School ,"$2,192",$0
Old Bar Public School ,"$3,935",$0
Old Bonalbo Public School ,$140,$0
Old Guildford Public School ,"$2,180",$0
Open High School ,"$218,025",$0
Orama Public School ,$0,$0
Oran Park Public School ,"$4,135","$9,839"
Orana Heights Public School ,$0,$0
Orange East Public School ,"$3,039",$0
Orange Grove Public School ,"$12,551",$0
Orange High School ,"$24,123","$56,002"
Orange Public School ,"$26,357",$0
Orara High School ,"$12,087","$20,099"
Orara Upper Public School ,$275,$0
Orchard Hills Public School ,"$1,815",$0
Otford Public School ,"$1,525",$0
Ourimbah Public School ,"$7,433","$15,335"
Oxley High School ,"$22,727","$68,185"
Oxley Island Public School ,$0,$0
Oxley Park Public School ,$225,$0
Oxley Vale Public School ,"$3,845",$0
Oyster Bay Public School ,"$37,858",$0
Pacific Palms Public School ,"$15,057",$0
Paddington Public School ,"$30,271","$1,035"
Padstow Heights Public School ,"$15,571","$28,567"
Padstow North Public School ,"$9,572",$0
Padstow Park Public School ,"$8,642",$0
Pagewood Public School ,"$7,802",$0
Palinyewah Public School ,$0,$0
Pallamallawa Public School ,$130,"$1,800"
Palm Avenue School ,$0,$0
Palmers Island Public School ,$0,$0
Pambula Public School ,$0,$0
Panania North Public School ,"$8,296",$0
Panania Public School ,"$15,290",$0
Para Meadows School ,"$5,430",$0
Parkes East Public School ,"$1,568","$2,222"
Parkes High School ,"$13,018","$35,140"
Parkes Public School ,$0,$0
Parklea Public School ,"$15,611",$509
Parkview Public School ,"$2,022",$0
Parramatta East Public School ,"$4,368",$0
Parramatta High School ,$800,"$106,566"
Parramatta North Public School ,"$3,625",$0
Parramatta Public School ,"$51,195",$0
Parramatta West Public School ,$0,$0
Parry School ,$0,$0
Passfield Park School ,"$1,031","$2,513"
Paterson Public School ,"$1,212",$0
Paxton Public School ,$530,$0
Peak Hill Central School ,$840,"$11,139"
Peakhurst Public School ,"$24,518","$37,007"
Peakhurst South Public School ,"$9,829",$0
Peakhurst West Public School ,"$11,247","$4,073"
Peats Ridge Public School ,"$1,088",$0
Peel High School ,"$12,024","$30,442"
Pelaw Main Public School ,"$1,178",$350
Pelican Flat Public School ,$0,$0
Pendle Hill High School ,"$10,023","$38,603"
Pendle Hill Public School ,"$4,556",$0
Pennant Hills High School ,"$206,925","$130,049"
Pennant Hills Public School ,"$66,313",$0
Penrith High School ,"$188,291","$45,180"
Penrith Lakes Environmental Education Centre ,"$3,757",$0
Penrith Public School ,"$6,142",$0
Penrith South Public School ,$550,$0
Penrith Valley Learning Centre ,$350,$0
Penrose Public School ,$0,$0
Penshurst Public School ,"$15,755",$0
Penshurst West Public School ,"$8,340","$19,812"
Perthville Public School ,"$4,537",$0
Peterborough School ,"$19,580",$0
Petersham Public School ,"$9,845",$0
Picnic Point High School ,"$64,280","$73,342"
Picnic Point Public School ,"$17,112",$0
Picton High School ,"$14,674","$62,036"
Picton Public School ,"$5,743",$0
Pilliga Public School ,$0,$0
Pitt Town Public School ,"$6,480",$0
Pittwater High School ,"$133,181","$223,754"
Plattsburg Public School ,"$4,047",$0
Pleasant Heights Public School ,"$8,040",$0
Pleasant Hills Public School ,$217,$0
Plumpton High School ,"$18,343","$46,499"
Plumpton House School ,$40,$0
Plumpton Public School ,"$12,123",$0
Plunkett Street Public School ,$0,$0
Point Clare Public School ,"$5,494","$1,078"
Pomona Public School ,$720,$0
Pooncarie Public School ,$0,$0
Port Hacking High School ,"$106,277","$130,718"
Port Kembla Public School ,$0,$0
Port Macquarie Public School ,"$4,973",$0
Portland Central School ,"$2,018","$3,098"
Pottsville Beach Public School ,"$6,885",$0
Prairievale Public School ,"$2,010",$0
Prairiewood High School ,"$72,227","$34,762"
Premer Public School ,$0,$585
Prestons Public School ,"$1,379",$0
Pretty Beach Public School ,"$3,759",$220
Primbee Public School ,"$2,889",$0
Punchbowl Boys High School ,"$4,485","$7,338"
Punchbowl Public School ,"$8,934",$0
Putland School ,$0,$0
Putney Public School ,"$26,120",$0
Pymble Public School ,"$179,185",$0
Quaama Public School ,"$1,010",$0
Quakers Hill East Public School ,"$10,128",$0
Quakers Hill High School ,"$33,990","$115,066"
Quakers Hill Public School ,"$24,851",$0
Quambone Public School ,$0,$0
Quandialla Central School ,$0,"$3,304"
Queanbeyan Distance Education Centre ,"$3,950",$0
Queanbeyan East Public School ,"$3,549",$10
Queanbeyan High School ,$44,"$14,056"
Queanbeyan Public School ,"$16,978","$3,840"
Queanbeyan South Public School ,$0,$0
Queanbeyan West Public School ,"$3,506",$0
Quirindi High School ,"$10,012","$17,426"
Quirindi Public School ,"$4,190",$0
Raglan Public School ,"$3,240",$567
Railway Town Public School ,"$1,060",$0
Rainbow Street Public School ,"$58,918",$0
Raleigh Public School ,$355,$636
Ramsgate Public School ,"$30,478",$0
Rand Public School ,$285,$0
Randwick Boys High School ,"$106,422","$14,872"
Randwick Girls High School ,"$112,904","$61,193"
Randwick Public School ,"$48,562",$0
Rankins Springs Public School ,$0,$0
Rappville Public School ,$0,$0
Rathmines Public School ,"$5,065","$20,773"
Raymond Terrace Public School ,"$2,365",$0
Red Hill Environmental Education Centre ,$0,$0
Red Range Public School ,"$3,627",$0
Redbank School ,$210,$0
Redhead Public School ,"$8,038","$14,562"
Regents Park Public School ,"$2,641",$0
Regentville Public School ,"$11,477",$0
Repton Public School ,$850,$0
Revesby Public School ,"$8,113",$0
Revesby South Public School ,"$10,309",$0
Richmond High School ,"$22,346","$54,753"
Richmond North Public School ,$972,"$3,284"
Richmond Public School ,"$12,143","$4,126"
Ringrose Public School ,"$7,754",$0
Rivendell School ,$0,$0
Riverbank Public School ,"$28,375",$0
Riverina Environmental Education Centre ,"$3,860",$0
Riverside Girls High School ,"$113,774","$105,619"
Riverstone High School ,"$7,112","$22,301"
Riverstone Public School ,"$1,215",$0
Riverwood Public School ,$0,$0
Robert Townson High School ,"$14,486","$38,985"
Robert Townson Public School ,"$4,317",$0
Robertson Public School ,$0,$0
Rockdale Public School ,"$8,130","$6,155"
Rockley Public School ,$0,$0
Rocky River Public School ,$0,$0
Rollands Plains Upper Public School ,$137,$235
Rooty Hill High School ,$0,$0
Rooty Hill Public School ,"$6,250",$0
Ropes Crossing Public School ,$0,$0
Rose Bay Public School ,"$69,335",$0
Rose Bay Secondary College ,"$102,831","$83,429"
Rosebank Public School ,"$2,192",$30
Rosehill Public School ,"$6,390",$0
Roselea Public School ,"$12,928",$0
Rosemeadow Public School ,$0,$0
Roseville Public School ,$0,"$5,042"
Rosewood Public School ,$0,$0
Ross Hill Public School ,"$15,161",$0
Rossmore Public School ,$655,$0
Rouchel Public School ,$0,$0
Rous Public School ,"$3,050",$170
Rouse Hill High School ,"$36,046","$49,741"
Rouse Hill Public School ,"$27,855",$0
Rowena Public School ,$0,"$2,700"
Rowland Hassall School ,$0,$0
Royal Far West School ,$0,$0
Royal National Park Environmental Education Centre ,$0,$0
Royal North Shore Hospital School ,$0,$0
Royal Prince Alfred Hospital School ,$0,$0
Rozelle Public School ,"$19,846","$29,749"
Rugby Public School ,$0,$0
Rukenvale Public School ,$0,$0
Rumbalara Environmental Education Centre ,"$8,825",$0
Ruse Public School ,"$2,982",$0
Russell Lea Infants School ,"$3,480",$0
Russell Vale Public School ,"$2,148",$0
Rutherford High School ,"$8,353","$83,230"
Rutherford Public School ,$0,"$3,986"
Rydalmere East Public School ,"$2,960",$0
Rydalmere Public School ,"$2,645",$0
Ryde East Public School ,"$35,925","$33,278"
Ryde Public School ,"$50,006",$0
Ryde Secondary College ,"$131,543","$88,441"
Rye Park Public School ,$549,$0
Rylstone Public School ,"$1,445",$0
Sackville Street Public School ,$28,$0
Sadleir Public School ,"$2,520",$0
Salt Ash Public School ,$0,$0
Samuel Gilbert Public School ,$0,$674
Samuel Terry Public School ,"$5,170","$4,563"
Sanctuary Point Public School ,$130,$0
Sandon Public School ,"$6,793",$0
Sandy Beach Public School ,"$3,665",$0
Sandy Hollow Public School ,$394,$0
Sans Souci Public School ,"$35,412",$0
Sarah Redfern High School ,"$13,744","$20,190"
Sarah Redfern Public School ,"$2,789",$0
Savernake Public School ,$0,$0
Sawtell Public School ,"$7,367","$16,032"
Scarborough Public School ,"$2,885",$0
Schofields Public School ,"$9,427",$0
School of the Air - Broken Hill Campus ,"$2,205","$2,880"
School of the Air - Hay Campus ,$713,$0
Scone High School ,"$18,997","$26,967"
Scone Public School ,"$6,901","$9,330"
Scotts Head Public School ,"$2,450","$1,877"
Seaforth Public School ,"$87,126","$3,671"
Seaham Public School ,"$3,320",$0
Sefton High School ,"$104,724","$34,336"
Sefton Infants School ,"$2,900",$0
Seven Hills High School ,"$12,650","$18,517"
Seven Hills North Public School ,"$3,462",$0
Seven Hills Public School ,"$5,325",$0
Seven Hills West Public School ,$915,$0
Shalvey Public School ,$0,$0
Shell Cove Public school ,"$2,562",$0
Shelley Public School ,"$6,779",$0
Shellharbour Public School ,"$11,069",$0
Shepherds Park School ,$0,$0
Sherwood Grange Public School ,$130,$0
Sherwood Ridge Public School ,"$44,964",$0
Shoal Bay Public School ,$0,"$21,228"
Shoalhaven Heads Public School ,$879,$0
Shoalhaven High School ,$0,"$33,895"
Shortland Public School ,$0,$0
Singleton Heights Public School ,"$4,175",$534
Singleton High School ,"$38,677","$110,298"
Singleton Public School ,"$11,327",$0
Sir Eric Woodward Memorial School ,"$92,584",$0
Sir Joseph Banks High School ,"$16,331","$38,704"
Smithfield Public School ,$290,$0
Smithfield West Public School ,"$5,245",$0
Smiths Hill High School ,"$57,331","$83,808"
Smithtown Public School ,$960,$0
Sofala Public School ,$0,$0
Soldiers Point Public School ,$0,$0
Somersby Public School ,$0,"$1,709"
Somerton Public School ,$210,$37
South Coogee Public School ,"$13,046","$13,240"
South Grafton High School ,"$9,841","$37,690"
South Grafton Public School ,"$1,785",$0
South Sydney High School ,"$32,578","$30,999"
South Wagga Public School ,"$3,541","$6,783"
South West Rocks Public School ,"$1,316",$0
Southern Cross Distance Education Centre ,"$31,762","$39,579"
Southern Cross School ,"$34,367","$56,835"
Speers Point Public School ,$540,$0
Spencer Public School ,$0,$0
Spring Hill Public School ,$0,$0
Spring Ridge Public School ,$554,$279
Spring Terrace Public School ,$480,$0
Springdale Heights Public School ,$0,$0
Springwood High School ,"$25,464","$34,849"
Springwood Public School ,"$11,260",$0
St Andrews Public School ,$0,"$6,805"
St Clair High School ,"$30,398","$81,694"
St Clair Public School ,"$2,672",$0
St George Girls High School ,"$236,839","$81,922"
St George Hospital School ,$0,$0
St George School ,$0,$0
St Georges Basin Public School ,"$7,700",$0
St Helens Park Public School ,"$1,560",$0
St Ives High School ,"$114,458","$151,706"
St Ives North Public School ,"$11,856","$229,787"
St Ives Park Public School ,"$7,150","$3,839"
St Ives Public School ,$0,"$36,943"
St Johns Park High School ,"$48,250","$40,038"
St Johns Park Public School ,"$11,002",$0
St Marys North Public School ,$0,$0
St Marys Public School ,$0,$0
St Marys Senior High School ,"$72,245","$50,834"
St Marys South Public School ,"$1,785",$0
St Peters Public School ,$840,"$1,275"
Stanford Merthyr Infants School ,$0,$0
Stanmore Public School ,"$46,198",$0
Stanwell Park Public School ,"$3,848",$0
Stewart House School ,$0,$0
Stockinbingal Public School ,$210,$0
Stockton Public School ,"$4,212",$0
Stokers Siding Public School ,$834,$0
Stratford Public School ,$0,$0
Stratheden Public School ,$0,$0
Strathfield Girls High School ,"$174,346","$107,486"
Strathfield North Public School ,"$29,080",$0
Strathfield South High School ,$0,"$57,677"
Strathfield South Public School ,"$56,272",$0
Stroud Public School ,$0,$0
Stroud Road Public School ,$0,$0
Stuart Town Public School ,$0,$0
Stuarts Point Public School ,$580,$0
Sturt Public School ,"$4,897",$0
Summer Hill Public School ,"$61,358","$29,115"
Sunning Hill School ,$0,$0
Sunshine Bay Public School ,"$3,238",$0
Surveyors Creek Public School ,"$4,994",$0
Sussex Inlet Public School ,"$2,326",$0
Sutherland Hospital School ,$0,$0
Sutherland North Public School ,"$8,084",$0
Sutherland Public School ,$0,$0
Sutton Forest Public School ,$0,$0
Sutton Public School ,$0,$0
Swansea High School ,"$23,713","$38,843"
Swansea Public School ,"$3,519",$0
Sydney Boys High School ,"$1,337,569","$1,553"
Sydney Childrens Hospital School ,$0,$0
Sydney Distance Education High School ,"$155,338","$15,617"
Sydney Distance Education Primary School ,"$9,050",$0
Sydney Girls High School ,"$309,431","$191,615"
Sydney Secondary College Balmain Campus ,"$89,347","$72,173"
Sydney Secondary College Blackwattle Bay Campus ,$0,"$224,161"
Sydney Secondary College Leichhardt Campus ,"$52,613","$91,067"
Sydney Technical High School ,"$117,303","$127,435"
Sylvania Heights Public School ,"$41,562","$7,072"
Sylvania High School ,"$55,690","$81,326"
Sylvania Public School ,"$3,839",$0
Table Top Public School ,"$2,655",$881
Tabulam Public School ,$0,$0
Tacking Point Public School ,"$23,255",$0
Tacoma Public School ,"$1,780",$0
Tahmoor Public School ,"$1,010",$0
Talbingo Public School ,$0,$0
Tallimba Public School ,$226,$0
Tallong Public School ,$0,$20
Tallowood School ,"$5,335",$0
Tambar Springs Public School ,$0,$0
Tamworth High School ,"$20,520","$28,963"
Tamworth Public School ,"$24,754",$0
Tamworth South Public School ,"$5,905",$0
Tamworth West Public School ,$0,$0
Tangara School ,$315,$0
Tanilba Bay Public School ,"$3,904",$0
Tanja Public School ,$0,$0
Tarago Public School ,$0,$0
Taralga Public School ,$0,$0
Tarcutta Public School ,$150,$0
Taree High School ,"$19,379","$64,583"
Taree Public School ,$0,$0
Taree West Public School ,"$3,475",$0
Taren Point Public School ,"$1,962","$4,847"
Tarrawanna Public School ,$745,$0
Tarro Public School ,$0,$0
Tathra Public School ,"$7,827",$0
Taverners Hill Infants School ,"$9,580",$0
Tea Gardens Public School ,"$2,806",$0
Telarah Public School ,$0,$0
Telegraph Point Public School ,"$2,242",$0
Telopea Public School ,$520,$0
Temora High School ,"$19,745","$30,102"
Temora Public School ,"$4,099",$0
Temora West Public School ,$0,$0
Tempe High School ,"$70,939","$120,234"
Tempe Public School ,"$11,728",$0
Tenambit Public School ,"$5,657",$0
Tenterfield High School ,"$5,020","$8,887"
Teralba Public School ,"$1,003",$0
Terara Public School ,"$4,096",$0
Terranora Public School ,"$11,529","$13,185"
Terrey Hills Public School ,$0,"$27,234"
Terrigal High School ,"$57,589","$69,088"
Terrigal Public School ,"$19,062",$0
Teven-Tintenbar Public School ,"$7,640",$0
Thalgarrah Environmental Education Centre ,$0,$0
Tharawal Public School ,$0,$0
Tharbogang Public School ,$0,$0
The Beach School ,$0,$30
The Bidgee School ,$0,$569
The Channon Public School ,$129,$0
The Childrens Hospital School ,$0,$0
The Crescent School ,"$2,997","$1,349"
The Entrance Public School ,$300,$130
The Forest High School ,"$189,421","$163,452"
The Grange Public School ,$410,$0
The Henry Lawson High School ,"$7,929","$4,660"
The Hills School ,"$5,900","$1,243"
The Hills Sports High School ,"$30,503","$64,305"
The Jannali High School ,"$61,393","$98,549"
The Junction Public School ,"$21,939",$0
The Meadows Public School ,"$1,449",$0
The Oaks Public School ,"$7,116",$0
The Pocket Public School ,$938,$0
The Ponds High School ,"$13,398","$20,347"
The Ponds School ,"$6,035",$0
The Risk Public School ,$0,$0
"The Rivers Secondary College, Kadina High Campus ","$2,874","$33,738"
"The Rivers Secondary College, Lismore High Campus ","$7,438","$12,643"
"The Rivers Secondary College, Richmond River High Campus ","$815,718","$70,090"
The Rock Central School ,"$1,569","$1,111"
The Sir Henry Parkes Memorial Public School ,"$1,780",$0
Thirlmere Public School ,$0,$0
Thirroul Public School ,"$11,204",$0
Thomas Acres Public School ,"$2,795",$0
Thomas Reddall High School ,"$17,520","$48,456"
Thornleigh West Public School ,"$30,030","$70,123"
Thornton Public School ,"$7,487","$2,590"
Thurgoona Public School ,"$7,158",$463
Tibooburra Outback Public School ,$0,$0
Tighes Hill Public School ,"$3,568",$0
Timbumburi Public School ,"$1,800",$0
Tingha Public School ,$0,$370
Tinonee Public School ,"$3,751",$0
Tintinhull Public School ,$0,$0
Tirranna Public School ,$0,"$1,175"
Tocumwal Public School ,"$2,320",$0
Tolland Public School ,$750,$0
Tomaree High School ,"$33,505","$51,258"
Tomaree Public School ,"$2,880",$0
Tomerong Public School ,"$1,403",$0
Tooleybuc Central School ,"$3,419","$1,283"
Toomelah Public School ,$0,$0
Toongabbie East Public School ,$0,$0
Toongabbie Public School ,"$20,824",$0
Toongabbie West Public School ,$0,$0
Tooraweenah Public School ,$640,$0
Toormina High School ,"$8,536","$10,984"
Toormina Public School ,"$2,995",$0
Toronto High School ,"$24,014","$98,421"
Toronto Public School ,$435,$0
Tottenham Central School ,"$2,106",$660
Toukley Public School ,$60,$0
Towamba Public School ,$0,$26
Tower Street Public School ,"$4,135",$0
Towradgi Public School ,$0,$0
Trangie Central School ,"$2,463","$8,458"
Tregeagle Public School ,"$2,546",$0
Tregear Public School ,$0,$0
Trundle Central School ,"$2,790","$2,660"
Trunkey Public School ,$0,$0
Truscott Street Public School ,$0,"$39,116"
Tucabia Public School ,$0,$0
Tuggerah Lakes Secondary College Berkeley Vale Campus ,"$22,248","$49,490"
Tuggerah Lakes Secondary College The Entrance Campus ,"$37,295","$54,434"
Tuggerah Lakes Secondary College Tumbi Umbi Campus ,"$45,275","$70,477"
Tuggerah Public School ,"$12,883",$0
Tuggerawong Public School ,"$1,035",$0
Tullamore Central School ,"$1,400","$2,947"
Tullibigeal Central School ,"$1,335",$310
Tullimbar Public School ,"$4,650",$0
Tulloona Public School ,$0,$0
Tumbarumba High School ,"$3,465","$7,376"
Tumbarumba Public School ,"$1,170",$0
Tumbulgum Public School ,$360,$0
Tumut High School ,"$15,226","$35,013"
Tumut Public School ,"$7,396",$0
Tuncurry Public School ,"$6,268","$1,458"
Tuntable Creek Public School ,$0,$0
Turramurra High School ,"$132,049","$157,439"
Turramurra North Public School ,"$85,931","$4,605"
Turramurra Public School ,"$10,909","$73,555"
Turvey Park Public School ,"$2,868",$0
Tweed Heads Public School ,"$2,660",$0
Tweed Heads South Public School ,"$2,178",$665
Tweed River High School ,"$23,762","$123,031"
Tyalgum Public School ,$260,$0
Tyalla Public School ,"$1,260",$0
Uki Public School ,"$2,753",$550
Ulan Public School ,$118,$0
Ulladulla High School ,"$27,762","$99,973"
Ulladulla Public School ,"$7,834",$0
Ulmarra Public School ,"$1,281",$0
Ulong Public School ,$60,$0
Ultimo Public School ,"$4,620","$19,875"
Umina Beach Public School ,"$9,572","$32,079"
Unanderra Public School ,$0,$557
Undercliffe Public School ,"$4,907",$0
Ungarie Central School ,"$1,790",$0
Upper Coopers Creek Public School ,$40,$168
Upper Lansdowne Public School ,$270,$0
Uralla Central School ,"$4,434","$4,873"
Urana Public School ,$100,$0
Uranquinty Public School ,$820,$0
Urbenville Public School ,$540,$0
Urunga Public School ,"$4,162","$1,032"
Vacy Public School ,"$2,950",$0
Valentine Public School ,"$16,858",$0
Valley View Public School ,"$3,633",$0
Vardys Road Public School ,"$8,161",$0
Vaucluse Public School ,"$21,497","$36,789"
Verona School ,$0,$0
Victoria Avenue Public School ,"$1,851",$0
Villawood East Public School ,"$2,711","$1,188"
Villawood North Public School ,"$2,978",$0
Vincentia High School ,$0,"$77,904"
Vincentia Public School ,"$4,340",$0
Vineyard Public School ,"$1,550",$0
Wadalba Community School ,"$9,761","$79,704"
Wade High School ,"$36,056","$36,918"
Wagga Wagga High School ,"$35,884","$50,759"
Wagga Wagga Public School ,"$6,790",$910
Wahroonga Public School ,"$80,955","$73,112"
Wairoa School ,$0,$0
Waitara Public School ,"$88,618","$5,291"
Wakefield School ,$0,$0
Wakehurst Public School ,$0,"$20,977"
Wakool Burrabol Public School ,$0,$0
Walbundrie Public School ,$360,$0
Walcha Central School ,"$7,215","$12,188"
Walgett Community College - High School ,"$5,698","$1,125"
Walgett Community College - Primary School ,$0,$0
Walhallow Public School ,$0,$0
Walla Walla Public School ,$832,$0
Wallabadah Public School ,$0,$0
Wallacia Public School ,"$1,477",$0
Wallendbeen Public School ,$0,$0
Wallerawang Public School ,"$3,180",$102
Wallsend Public School ,"$2,570",$0
Wallsend South Public School ,$0,$0
Walters Road Public School ,"$12,104",$0
Wambangalang Environmental Education Centre ,"$33,554",$0
Wamberal Public School ,"$16,835",$0
Wamoon Public School ,$25,$0
Wanaaring Public School ,$0,$0
Wangee Park School ,$0,$0
Wangi Wangi Public School ,"$1,852",$0
Waniora Public School ,"$5,886",$0
Waratah Public School ,"$11,707",$0
Waratah West Public School ,$438,$0
Wardell Public School ,$60,$0
Warialda High School ,"$7,433","$20,312"
Warialda Public School ,"$3,457",$0
Warilla High School ,"$23,487","$46,648"
Warilla North Public School ,$0,$0
Warilla Public School ,"$2,640",$0
Warners Bay High School ,"$50,458","$279,389"
Warners Bay Public School ,"$6,445","$26,359"
Warnervale Public School ,"$5,847",$0
Warragamba Public School ,$0,$0
Warrawee Public School ,"$137,583",$0
Warrawong High School ,"$11,552","$27,060"
Warrawong Intensive English Centre ,"$1,640",$616
Warrawong Public School ,"$1,643",$0
Warren Central School ,"$1,798","$7,004"
Warrimoo Public School ,$782,$0
Warrumbungle National Park Environmental Education Centre ,"$18,690",$0
Warwick Farm Public School ,"$3,010",$0
Waterfall Public School ,$573,$0
Wattawa Heights Public School ,"$12,413",$0
Wattle Flat Public School ,$0,$0
Wattle Grove Public School ,$0,$0
Wauchope High School ,"$19,819","$32,006"
Wauchope Public School ,$0,$0
Waverley Public School ,"$7,210","$15,404"
Wee Jasper Public School ,$0,$0
Wee Waa High School ,"$1,900","$3,017"
Wee Waa Public School ,$0,$0
Weethalle Public School ,$0,$0
Weilmoringle Public School ,$0,$0
Wellington High School ,"$5,473","$22,234"
Wellington Public School ,$460,"$6,334"
Wentworth Falls Public School ,"$5,312",$0
Wentworth Public School ,"$1,557","$3,231"
Wentworthville Public School ,"$14,184",$0
Werrington County Public School ,$0,"$4,134"
Werrington Public School ,"$5,704",$0
Werris Creek Public School ,$860,$95
West Pennant Hills Public School ,"$25,338","$29,962"
West Pymble Public School ,"$12,245",$0
West Ryde Public School ,"$17,558","$15,412"
West Wallsend High School ,"$8,866","$25,899"
West Wallsend Public School ,$0,$0
West Wyalong High School ,"$7,438","$17,962"
West Wyalong Public School ,"$3,527",$0
Westdale Public School ,"$1,310",$0
Westfields Sports High School ,"$133,160","$144,991"
Westlawn Public School ,"$9,480","$1,842"
Westmead Public School ,"$91,805",$0
Weston Public School ,$320,$0
Westport Public School ,"$1,977",$0
Wetlands Environmental Education Centre ,$0,$0
Wewak Street School ,$0,$0
Whalan Public School ,$0,$0
Wheeler Heights Public School ,"$19,679",$0
Whian Whian Public School ,$0,$0
White Cliffs Public School ,$0,$0
Whitebridge High School ,"$36,056","$64,372"
Whitton Public School ,$0,$0
Wiangaree Public School ,$0,$471
Widemere Public School ,"$8,575",$0
Wideview Public School ,"$6,063","$34,570"
Wilberforce Public School ,"$8,577",$0
Wilcannia Central School ,$0,$0
Wiley Park Girls High School ,"$20,480","$14,329"
Wiley Park Public School ,$0,$0
Wilkins Public School ,"$25,340",$0
Willans Hill School ,$0,$0
Willawarrin Public School ,$160,$0
William Bayldon Public School ,$800,$0
William Dean Public School ,"$2,560",$0
William Rose School ,"$4,695",$0
William Stimson Public School ,"$9,425",$0
Willmot Public School ,$0,$0
Willoughby Girls High School ,"$110,835","$41,653"
Willoughby Public School ,"$203,485",$0
Willow Tree Public School ,$0,$0
Willyama High School ,"$10,418","$20,371"
Wilson Park School ,$360,$0
Wilsons Creek Public School ,"$1,275",$0
Wilton Public School ,"$6,627",$0
Windale Public School ,$0,$0
Windang Public School ,"$7,470",$0
Windellama Public School ,$0,$566
Windeyer Public School ,$0,$0
Windsor High School ,"$11,569","$38,978"
Windsor Park Public School ,$775,$0
Windsor Public School ,"$3,122",$0
Windsor South Public School ,$480,$0
Wingello Public School ,$540,$0
Wingham Brush Public School ,"$1,315",$0
Wingham High School ,"$9,359","$32,950"
Wingham Public School ,"$1,680",$0
Winmalee High School ,"$50,142","$186,528"
Winmalee Public School ,"$7,109",$0
Winston Heights Public School ,$0,"$18,002"
Winston Hills Public School ,"$26,929",$0
Wiripaang Public School ,$406,$0
Wirreanda Public School ,"$10,653",$36
Wisemans Ferry Public School ,$0,"$1,226"
Wollar Public School ,$0,$0
Wollondilly Public School ,$0,$489
Wollongbar Public School ,"$7,068",$0
Wollongong High School of the Performing Arts ,"$58,910","$205,137"
Wollongong Public School ,"$5,449",$0
Wollongong West Public School ,"$3,686",$0
Wollumbin High School ,"$18,501","$30,024"
Wolumla Public School ,$0,$0
Wombat Public School ,$0,$0
Wongarbon Public School ,"$1,000",$0
Woniora Road School ,"$4,884",$350
Woodberry Learning Centre ,$0,$0
Woodberry Public School ,"$1,361",$0
Woodburn Public School ,"$1,480",$0
Woodenbong Central School ,$850,"$2,065"
Woodland Road Public School ,$0,$0
Woodport Public School ,"$6,231",$0
Woodstock Public School ,$370,$0
Wooglemai Environmental Education Centre ,$0,$0
Woolbrook Public School ,$0,$0
Woolgoolga High School ,"$23,566","$39,822"
Woolgoolga Public School ,"$1,249",$757
Wooli Public School ,"$1,530",$0
Woollahra Public School ,$0,"$183,951"
Woolomin Public School ,$815,$0
Woolooware High School ,"$85,281","$186,118"
Woolooware Public School ,"$16,981",$0
Woongarrah Public School ,"$6,070",$0
Woonona East Public School ,"$3,528",$0
Woonona High School ,$0,"$73,085"
Woonona Public School ,"$18,214",$0
Woronora River Public School ,$0,$0
Woy Woy Public School ,"$4,294",$0
Woy Woy South Public School ,"$4,790",$0
Wyalong Public School ,$253,$0
Wyangala Dam Public School ,$0,$0
Wyee Public School ,$0,$0
Wyndham College ,"$21,210","$98,960"
Wyndham Public School ,$180,$0
Wyoming Public School ,"$2,639",$0
Wyong Creek Public School ,$917,$0
Wyong High School ,$0,"$43,530"
Wyong Public School ,$0,$0
Wyrallah Public School ,$260,$0
Wyrallah Road Public School ,"$10,040",$910
Wytaliba Public School ,$0,$0
Yagoona Public School ,"$7,524",$0
Yamba Public School ,$0,$0
Yanco Agricultural High School ,$0,"$60,280"
Yanco Public School ,$390,$0
Yanderra Public School ,$0,$0
Yarrawarrah Public School ,$0,$0
Yarrowitch Public School ,$0,$0
Yass High School ,"$12,155","$38,595"
Yass Public School ,$0,$0
Yates Avenue Public School ,$0,$0
Yenda Public School ,"$1,585",$0
Yennora Public School ,"$1,120",$0
Yeo Park Infants School ,"$4,546",$0
Yeoval Central School ,"$1,105","$4,302"
Yerong Creek Public School ,"$1,300",$0
Yetman Public School ,$880,$0
Yoogali Public School ,$600,$0
York Public School ,"$4,762",$0
Young High School ,"$16,154","$9,663"
Young North Public School ,"$3,604",$0
Young Public School ,"$8,863",$0
Yowie Bay Public School ,"$20,747",$0
Zig Zag Public School ,"$1,340",$0
Grand Total ,"$31,922,886","$33,171,528"
